Traffic Volumes Counts,,,,,,,,,,24 hour Period Hourly Counts,,,,,,,,,,,,,,,,,,,,,,,,,,,,,,,,,,,,,,,,,,,,,,,,
Dist,Cnty,Rte,Prefix,PM,Leg,Dir,Description,Date,Day,_0_1,,_1_2,,_2_3,,_3_4,,_4_5,,_5_6 ,,_6_7,,_7_8,,_8_9,,_9_10,,_10_11,,_11_12,,_12_13,,_13_14,,_14_15,,_15_16,,_16_17,,_17_18,,_18_19 ,,_19_20,,_20_21 ,,_21_22,,_22_23,,_23_24,,_24hr_total
4,SCL,237 , ,8.02,A,E,SAN JOSE- ZANKER ROAD INTERCHA,01/22/2019,TUE,, ,, ,, ,, ,, ,, ,, ,, ,, ,, ,, ,2733,A,3165,A,4034,A,4651,A,4403,A,4528,A,4717,A,4415,A,4585,A,3324,A,2272,A,1465,A,811,A,"45,103 "
4,SCL,237 , ,8.02,A,E,SAN JOSE- ZANKER ROAD INTERCHA,01/23/2019,WED,447,A,236,A,209,A,150,A,375,A,857,A,1703,A,2805,A,3520,A,3051,A,2501,A,2799,A,3278,A,4141,A,4808,A,4393,A,4578,A,4638,A,4249,A,4624,A,3647,A,2369,A,1575,A,916,A,"61,869 "
4,SCL,237 , ,8.02,A,E,SAN JOSE- ZANKER ROAD INTERCHA,01/24/2019,THU,486,A,244,A,192,A,167,A,389,A,858,A,1651,A,2768,A,3429,A,3030,A,2705,A,2942,A,3647,A,4134,A,4803,A,4434,A,4493,A,4558,A,4366,A,4738,A,3277,A,2406,A,1612,A,926,A,"62,255 "
4,SCL,237 , ,8.02,A,E,SAN JOSE- ZANKER ROAD INTERCHA,01/25/2019,FRI,554,A,272,A,246,A,186,A,361,A,865,A,1572,A,2778,A,3362,A,3123,A,2798,A,3234,A,3982,A,4564,A,4655,A,4435,A,4417,A,4562,A,4297,A,4283,A,3224,A,2365,A,2000,A,1316,A,"63,451 "
4,SCL,237 , ,8.02,A,E,SAN JOSE- ZANKER ROAD INTERCHA,01/26/2019,SAT,799,A,348,A,292,A,220,A,294,A,542,A,810,A,1322,A,1990,A,2518,A,2995,A,3364,A,3774,A,3678,A,3681,A,3630,A,3588,A,3777,A,3124,A,2515,A,2218,A,2251,A,1843,A,1141,A,"50,714 "
4,SCL,237 , ,8.02,A,E,SAN JOSE- ZANKER ROAD INTERCHA,01/27/2019,SUN,741,A,378,A,298,A,151,A,154,A,307,A,563,A,929,A,1254,A,2089,A,2721,A,3277,A,3360,A,3650,A,3590,A,3530,A,3158,A,3058,A,2845,A,2105,A,1743,A,1616,A,1017,A,616,A,"43,150 "
4,SCL,237 , ,8.02,A,E,SAN JOSE- ZANKER ROAD INTERCHA,01/28/2019,MON,316,A,166,A,131,A,153,A,343,A,784,A,1634,A,2802,A,3496,A,2879,A,2455,A,2630,A,3084,A,3729,A,4771,A,4524,A,4734,A,4659,A,4293,A,4448,A,3139,A,2021,A,1419,A,791,A,"59,401 "
4,SCL,237 , ,8.02,A,E,SAN JOSE- ZANKER ROAD INTERCHA,01/29/2019,TUE,464,A,259,A,218,A,163,A,358,A,856,A,1686,A,2770,A,3542,A,3109,A,2593,A,2803,A,3314,A,4069,A,4821,A,4450,A,4709,A,4698,A,4316,A,4688,A,3181,A,2283,A,1434,A,878,A,"61,662 "
4,SCL,237 , ,8.02,A,E,SAN JOSE- ZANKER ROAD INTERCHA,04/01/2019,MON,355,A,190,A,143,A,180,A,369,A,929,A,1628,A,2907,A,3365,A,2813,A,2497,A,2747,A,3231,A,3945,A,4643,A,4269,A,4387,A,4464,A,4359,A,4044,A,2693,A,1811,A,1258,A,847,A,"58,074 "
4,SCL,237 , ,8.02,A,E,SAN JOSE- ZANKER ROAD INTERCHA,04/02/2019,TUE,422,A,221,A,183,A,178,A,372,A,947,A,1763,A,2923,A,3388,A,2889,A,2530,A,2766,A,3313,A,4084,A,4867,A,4518,A,4675,A,4535,A,4464,A,4531,A,2939,A,2154,A,1569,A,900,A,"61,131 "
4,SCL,237 , ,8.02,A,E,SAN JOSE- ZANKER ROAD INTERCHA,04/03/2019,WED,454,A,251,A,215,A,195,A,435,A,912,A,1785,A,3037,A,3298,A,2901,A,2577,A,3046,A,3456,A,4259,A,4996,A,4526,A,4750,A,4398,A,4539,A,4345,A,2928,A,2164,A,1446,A,932,A,"61,845 "
4,SCL,237 , ,8.02,A,E,SAN JOSE- ZANKER ROAD INTERCHA,04/04/2019,THU,470,A,229,A,197,A,196,A,439,A,948,A,1797,A,2985,A,3354,A,2914,A,2657,A,3067,A,3602,A,4416,A,4891,A,4602,A,4785,A,4481,A,4574,A,4399,A,3119,A,2177,A,1644,A,973,A,"62,916 "
4,SCL,237 , ,8.02,A,E,SAN JOSE- ZANKER ROAD INTERCHA,04/05/2019,FRI,476,A,253,A,252,A,203,A,400,A,909,A,1653,A,2925,A,3302,A,2893,A,2776,A,3539,A,4050,A,4557,A,4976,A,4470,A,4762,A,4432,A,4225,A,3994,A,2959,A,2379,A,1846,A,1191,A,"63,422 "
4,SCL,237 , ,8.02,A,E,SAN JOSE- ZANKER ROAD INTERCHA,04/06/2019,SAT,723,A,396,A,310,A,211,A,271,A,523,A,841,A,1421,A,1998,A,2715,A,3090,A,3523,A,3989,A,3937,A,3938,A,3790,A,3769,A,3672,A,3536,A,2858,A,2498,A,2144,A,1810,A,1166,A,"53,129 "
4,SCL,237 , ,8.02,A,E,SAN JOSE- ZANKER ROAD INTERCHA,04/07/2019,SUN,656,A,352,A,364,A,179,A,163,A,291,A,559,A,919,A,1450,A,2129,A,2852,A,3427,A,3429,A,3901,A,3501,A,3533,A,3330,A,3048,A,2849,A,2505,A,1881,A,1580,A,1129,A,670,A,"44,697 "
4,SCL,237 , ,8.02,A,E,SAN JOSE- ZANKER ROAD INTERCHA,04/08/2019,MON,354,A,174,A,153,A,166,A,359,A,960,A,1688,A,3020,A,3493,A,2688,A,2482,A,2696,A,3237,A,4029,A,4796,A,4483,A,4788,A,4525,A,4458,A,4152,A,2719,A,1904,A,1282,A,811,A,"59,417 "
4,SCL,237 , ,8.02,A,E,SAN JOSE- ZANKER ROAD INTERCHA,04/09/2019,TUE,406,A,217,A,180,A,181,A,434,A,934,A,1867,A,3082,A,3318,A,2861,A,2530,C,2766,C,3313,C,4084,C,4867,C,4518,C,4675,C,4535,C,4464,C,4531,C,2939,C,2154,C,1569,C,900,C,"61,325 "
4,SCL,237 , ,8.02,A,E,SAN JOSE- ZANKER ROAD INTERCHA,07/08/2019,MON,417,A,242,A,170,A,169,A,343,A,874,A,1756,A,2779,A,3210,A,2923,A,2508,A,2776,A,3181,A,4025,A,4851,A,4317,A,4854,A,4680,A,4666,A,4416,A,3046,A,2155,A,1448,A,903,A,"60,709 "
4,SCL,237 , ,8.02,A,E,SAN JOSE- ZANKER ROAD INTERCHA,07/09/2019,TUE,489,A,273,A,221,A,178,A,402,A,919,A,1762,A,2801,A,3210,A,2923,A,2631,A,2896,A,3495,A,4165,A,4908,A,4427,A,4765,A,4923,A,4624,A,4962,A,3426,A,2591,A,1724,A,1111,A,"63,826 "
4,SCL,237 , ,8.02,A,E,SAN JOSE- ZANKER ROAD INTERCHA,07/10/2019,WED,586,A,288,A,215,A,178,A,412,A,907,A,1781,A,2809,A,3222,A,3034,A,2703,A,3088,A,3436,A,4329,A,4907,A,4368,A,4783,A,4638,A,4577,A,4829,A,3873,A,2846,A,1852,A,1053,A,"64,714 "
4,SCL,237 , ,8.02,A,E,SAN JOSE- ZANKER ROAD INTERCHA,07/11/2019,THU,625,A,280,A,239,A,211,A,413,A,953,A,1801,A,2881,A,3246,A,3049,A,2823,A,3158,A,3791,A,4477,A,4903,A,4468,A,4689,A,4774,A,4483,A,4811,A,3708,A,2662,A,1913,A,1215,A,"65,573 "
4,SCL,237 , ,8.02,A,E,SAN JOSE- ZANKER ROAD INTERCHA,07/12/2019,FRI,614,A,306,A,265,A,204,A,420,A,908,A,1739,A,2693,A,3290,A,3226,A,2921,A,3580,A,4216,A,4737,A,4480,A,4106,A,4531,A,4658,A,4458,A,4489,A,3443,A,2793,A,2184,A,1452,A,"65,713 "
4,SCL,237 , ,8.02,A,E,SAN JOSE- ZANKER ROAD INTERCHA,07/13/2019,SAT,920,A,507,A,324,A,223,A,272,A,504,A,952,A,1492,A,2047,A,2632,A,3210,A,3644,A,4036,A,3707,A,3749,A,3636,A,3518,A,3748,A,3502,A,3021,A,2602,A,2709,A,2644,A,1682,A,"55,281 "
4,SCL,237 , ,8.02,A,E,SAN JOSE- ZANKER ROAD INTERCHA,07/14/2019,SUN,1335,A,637,A,390,A,225,A,172,A,324,A,558,A,860,A,1233,A,1930,A,2919,A,3394,A,3595,A,3808,A,3386,A,3374,A,3298,A,3122,A,2978,A,2557,A,2303,A,2173,A,1800,A,1681,A,"48,052 "
4,SCL,237 , ,8.02,A,E,SAN JOSE- ZANKER ROAD INTERCHA,07/15/2019,MON,687,A,273,A,196,A,183,A,396,A,904,A,1755,A,2678,A,3255,A,2940,A,2762,A,2776,C,3181,C,4025,C,4851,C,4317,C,4854,C,4680,C,4666,C,4416,C,3046,C,2155,C,1448,C,903,C,"61,347 "
4,SCL,237 , ,8.02,A,W,SAN JOSE- ZANKER ROAD INTERCHA,01/03/2019,THU,, ,, ,, ,, ,, ,, ,, ,, ,, ,, ,, ,, ,, ,3694,A,3500,A,3315,A,3651,A,4036,A,3604,A,2756,A,1776,A,1637,A,1203,A,818,A,"29,990 "
4,SCL,237 , ,8.02,A,W,SAN JOSE- ZANKER ROAD INTERCHA,01/04/2019,FRI,372,A,255,A,230,A,443,A,1493,A,3784,A,4265,A,4704,A,4693,A,4950,A,5144,A,4243,A,3809,A,3900,A,3728,A,3462,A,3796,A,4191,A,3835,A,2907,A,2278,A,1932,A,1473,A,943,A,"70,830 "
4,SCL,237 , ,8.02,A,W,SAN JOSE- ZANKER ROAD INTERCHA,01/05/2019,SAT,563,A,362,A,218,A,249,A,497,A,988,A,1148,A,1395,A,1921,A,2228,A,2698,A,2861,A,3274,A,3471,A,3499,A,3223,A,3272,A,3229,A,2958,A,2416,A,2131,A,2112,A,1644,A,1080,A,"47,437 "
4,SCL,237 , ,8.02,A,W,SAN JOSE- ZANKER ROAD INTERCHA,01/06/2019,SUN,918,A,450,A,307,A,211,A,269,A,501,A,734,A,1065,A,1541,A,2489,A,2708,A,3195,A,3349,A,3524,A,3176,A,3010,A,2705,A,3116,A,2441,A,2962,A,2525,A,1760,A,1409,A,1154,A,"45,519 "
4,SCL,237 , ,8.02,A,W,SAN JOSE- ZANKER ROAD INTERCHA,01/07/2019,MON,611,A,254,A,463,A,1701,A,2129,A,4347,A,5282,A,5413,A,5439,A,4668,A,5445,A,4384,A,4103,A,4193,A,4179,A,4096,A,3966,A,4006,A,3621,A,2631,A,2900,A,2485,A,1269,A,684,A,"78,269 "
4,SCL,237 , ,8.02,A,W,SAN JOSE- ZANKER ROAD INTERCHA,01/08/2019,TUE,350,A,398,A,241,A,527,A,1745,A,4278,A,5187,A,5615,A,5398,A,5241,A,5541,A,3895,A,3542,A,3626,A,3495,A,3519,A,3865,A,4636,A,3920,A,2798,A,2166,A,2339,A,1252,A,994,A,"74,568 "
4,SCL,237 , ,8.02,A,W,SAN JOSE- ZANKER ROAD INTERCHA,01/09/2019,WED,661,A,797,A,348,A,644,A,1872,A,4296,A,5334,A,5653,A,5807,A,5253,A,5655,A,4279,A,3821,A,5004,A,4296,A,3775,A,3874,A,4410,A,3849,A,2926,A,1920,A,1608,A,1141,A,712,A,"77,935 "
4,SCL,237 , ,8.02,A,W,SAN JOSE- ZANKER ROAD INTERCHA,01/10/2019,THU,398,A,287,A,256,A,542,A,1778,A,4615,A,5368,A,5189,A,4860,A,5118,A,5836,A,4406,A,3768,A,3915,A,3750,A,3656,A,3970,A,4131,A,3847,A,3310,A,2182,A,1662,A,1230,A,811,A,"74,885 "
4,SCL,237 , ,8.02,A,W,SAN JOSE- ZANKER ROAD INTERCHA,01/11/2019,FRI,446,A,308,A,274,A,710,A,1920,A,4045,A,5065,A,5354,A,5562,A,5573,A,5362,A,4352,A,3975,A,4120,A,3773,A,3764,A,4161,A,4359,A,4039,A,3054,A,2472,A,1885,A,1628,A,1039,A,"77,240 "
4,SCL,237 , ,8.02,A,W,SAN JOSE- ZANKER ROAD INTERCHA,01/12/2019,SAT,814,A,467,A,387,A,293,A,566,A,1255,A,1598,A,1995,A,2580,A,2983,A,3140,A,3385,A,3721,A,4126,A,3772,A,3574,A,3809,A,3887,A,3573,A,3132,A,2631,A,2667,A,1936,A,1298,A,"57,589 "
4,SCL,237 , ,8.02,A,W,SAN JOSE- ZANKER ROAD INTERCHA,01/13/2019,SUN,773,A,490,A,337,A,231,A,260,A,545,A,845,A,1104,A,1788,A,2821,A,2791,A,3563,A,3919,A,4109,A,4212,A,3459,A,3466,A,3471,A,3269,A,2943,A,2636,A,2002,A,1447,A,689,A,"51,170 "
4,SCL,237 , ,8.02,A,W,SAN JOSE- ZANKER ROAD INTERCHA,01/14/2019,MON,363,A,218,A,220,A,534,A,1773,A,4274,A,5070,A,5719,A,4941,A,5013,A,5564,A,4129,A,3456,A,3708,A,3565,A,3351,A,3927,A,4281,A,3718,A,2834,A,1797,A,1431,A,998,A,582,A,"71,466 "
4,SCL,237 , ,8.02,A,W,SAN JOSE- ZANKER ROAD INTERCHA,01/15/2019,TUE,309,A,208,A,237,A,500,A,1805,A,4310,A,5149,A,5372,A,4604,A,4550,A,5328,A,4317,A,3639,A,3676,A,3500,A,3474,A,3847,A,4248,A,3856,A,2867,A,1831,A,1657,A,1055,A,637,A,"70,976 "
4,SCL,237 , ,8.02,A,W,SAN JOSE- ZANKER ROAD INTERCHA,04/01/2019,MON,377,A,196,A,270,A,678,A,2275,A,4565,A,5047,A,5380,A,5378,A,5350,A,4846,A,4004,A,3474,A,3674,A,3476,A,3423,A,3774,A,3792,A,3417,A,2523,A,1840,A,1478,A,1064,A,609,A,"70,910 "
4,SCL,237 , ,8.02,A,W,SAN JOSE- ZANKER ROAD INTERCHA,04/02/2019,TUE,330,A,592,A,539,A,1050,A,2641,A,5782,A,5775,A,4649,A,6037,A,5764,A,4804,A,4137,A,3475,A,3725,A,3623,A,3430,A,3952,A,4092,A,3611,A,2801,A,1936,A,1672,A,1281,A,715,A,"76,413 "
4,SCL,237 , ,8.02,A,W,SAN JOSE- ZANKER ROAD INTERCHA,04/03/2019,WED,378,A,203,A,219,A,649,A,2265,A,4702,A,5050,A,5545,A,5534,A,5332,A,5108,A,4169,A,3777,A,3863,A,3611,A,3689,A,4004,A,4072,A,3547,A,2766,A,1943,A,1626,A,1169,A,787,A,"74,008 "
4,SCL,237 , ,8.02,A,W,SAN JOSE- ZANKER ROAD INTERCHA,04/04/2019,THU,447,A,351,A,303,A,691,A,2341,A,4654,A,5260,A,5407,A,5683,A,5383,A,5194,A,4218,A,3810,A,3958,A,3916,A,3710,A,4103,A,4040,A,3564,A,2887,A,2084,A,1734,A,1212,A,738,A,"75,688 "
4,SCL,237 , ,8.02,A,W,SAN JOSE- ZANKER ROAD INTERCHA,04/05/2019,FRI,409,A,236,A,253,A,686,A,2036,A,4440,A,4970,A,5355,A,5708,A,5318,A,5108,A,4172,A,4008,A,4061,A,3646,A,3745,A,4045,A,4157,A,3364,A,2872,A,2234,A,2124,A,1630,A,1061,A,"75,638 "
4,SCL,237 , ,8.02,A,W,SAN JOSE- ZANKER ROAD INTERCHA,04/06/2019,SAT,546,A,376,A,269,A,299,A,675,A,1242,A,1897,A,2080,A,2643,A,2902,A,3284,A,3762,A,4061,A,4150,A,3991,A,3769,A,3804,A,3740,A,3573,A,3324,A,2880,A,2584,A,1923,A,1441,A,"59,215 "
4,SCL,237 , ,8.02,A,W,SAN JOSE- ZANKER ROAD INTERCHA,04/07/2019,SUN,935,A,440,A,299,A,175,A,296,A,564,A,944,A,1269,A,2102,A,3039,A,3484,A,3715,A,3819,A,3915,A,3971,A,3738,A,4109,A,3229,A,3362,A,3136,A,2718,A,2312,A,1419,A,759,A,"53,749 "
4,SCL,237 , ,8.02,A,W,SAN JOSE- ZANKER ROAD INTERCHA,04/08/2019,MON,373,A,192,A,358,A,713,A,2434,A,4634,A,5199,A,5450,A,5375,A,5650,A,5343,A,3764,A,4026,A,4421,A,4142,A,4337,A,4250,A,5907,A,3346,A,2544,A,2481,A,1589,A,992,A,586,A,"78,106 "
4,SCL,237 , ,8.02,A,W,SAN JOSE- ZANKER ROAD INTERCHA,04/09/2019,TUE,291,A,155,A,239,A,662,A,2280,A,4719,A,5067,A,5150,A,4735,A,5069,A,4804,C,4137,C,3475,C,3725,C,3623,C,3430,C,3952,C,4092,C,3611,C,2801,C,1936,C,1672,C,1281,C,715,C,"71,621 "
4,SCL,237 , ,8.02,A,W,SAN JOSE- ZANKER ROAD INTERCHA,07/08/2019,MON,493,A,268,A,310,A,685,A,2064,A,4584,A,5308,A,5342,A,5336,A,5327,A,5071,A,3926,A,3571,A,3489,A,3326,A,3232,A,3674,A,3989,A,3501,A,2630,A,1908,A,1567,A,1064,A,696,A,"71,361 "
4,SCL,237 , ,8.02,A,W,SAN JOSE- ZANKER ROAD INTERCHA,07/09/2019,TUE,368,A,223,A,210,A,558,A,2068,A,4581,A,5070,A,5497,A,5070,A,5400,A,5084,A,3875,A,3768,A,3836,A,3507,A,3302,A,3815,A,4154,A,3505,A,2769,A,2048,A,1817,A,1210,A,715,A,"72,450 "
4,SCL,237 , ,8.02,A,W,SAN JOSE- ZANKER ROAD INTERCHA,07/10/2019,WED,475,A,261,A,288,A,616,A,2112,A,4600,A,5131,A,5511,A,5327,A,5319,A,5301,A,4173,A,3993,A,3855,A,3546,A,3280,A,3846,A,3980,A,3657,A,2654,A,2071,A,1951,A,1308,A,806,A,"74,061 "
4,SCL,237 , ,8.02,A,W,SAN JOSE- ZANKER ROAD INTERCHA,07/11/2019,THU,393,A,271,A,288,A,611,A,2117,A,4628,A,5031,A,5439,A,5418,A,5260,A,5219,A,4430,A,3865,A,3882,A,3402,A,3510,A,3941,A,4060,A,3598,A,2762,A,2120,A,2135,A,1432,A,806,A,"74,618 "
4,SCL,237 , ,8.02,A,W,SAN JOSE- ZANKER ROAD INTERCHA,07/12/2019,FRI,457,A,260,A,307,A,652,A,1988,A,4359,A,4788,A,5225,A,5527,A,5480,A,5088,A,4169,A,3803,A,3909,A,3688,A,3724,A,3898,A,4006,A,3662,A,2936,A,2468,A,2373,A,1869,A,1190,A,"75,826 "
4,SCL,237 , ,8.02,A,W,SAN JOSE- ZANKER ROAD INTERCHA,07/13/2019,SAT,710,A,424,A,302,A,339,A,695,A,1244,A,1711,A,2051,A,2507,A,3230,A,3527,A,3587,A,4098,A,4218,A,4221,A,3827,A,3684,A,3626,A,3435,A,3193,A,2842,A,2875,A,2332,A,1772,A,"60,450 "
4,SCL,237 , ,8.02,A,W,SAN JOSE- ZANKER ROAD INTERCHA,07/14/2019,SUN,959,A,511,A,394,A,325,A,339,A,1035,A,1686,A,2066,A,2108,A,2913,A,3183,A,3779,A,3665,A,4075,A,4111,A,3825,A,3383,A,3414,A,3408,A,3314,A,3095,A,2616,A,1978,A,1424,A,"57,606 "
4,SCL,237 , ,8.02,A,W,SAN JOSE- ZANKER ROAD INTERCHA,07/15/2019,MON,721,A,763,A,281,A,708,A,2422,A,4846,A,5346,A,5505,A,5020,A,5210,A,5432,A,3926,C,3571,C,3489,C,3326,C,3232,C,3674,C,3989,C,3501,C,2630,C,1908,C,1567,C,1064,C,696,C,"72,827 "
4,SCL,237 , ,9.335,B,E,JCT. RTE. 880- NIMITZ FREEWAY ,01/03/2019,THU,, ,, ,, ,, ,, ,, ,, ,, ,, ,, ,, ,, ,, ,4211,A,5152,A,4929,A,5282,A,5950,A,4609,A,3823,A,2705,A,2016,A,1387,A,864,A,"40,928 "
4,SCL,237 , ,9.335,B,E,JCT. RTE. 880- NIMITZ FREEWAY ,01/04/2019,FRI,463,A,257,A,199,A,156,A,254,A,510,A,1022,A,1465,A,2015,A,2268,A,2488,A,3351,A,4069,A,4447,A,5261,A,4706,A,5242,A,5413,A,4418,A,3871,A,2851,A,2288,A,1805,A,1162,A,"59,981 "
4,SCL,237 , ,9.335,B,E,JCT. RTE. 880- NIMITZ FREEWAY ,01/05/2019,SAT,710,A,406,A,254,A,161,A,200,A,322,A,488,A,829,A,1305,A,1715,A,2410,A,2802,A,3250,A,3559,A,3521,A,3379,A,3165,A,3343,A,2889,A,2459,A,2101,A,1873,A,1577,A,1012,A,"43,730 "
4,SCL,237 , ,9.335,B,E,JCT. RTE. 880- NIMITZ FREEWAY ,01/06/2019,SUN,672,A,315,A,247,A,147,A,137,A,186,A,290,A,532,A,872,A,1331,A,2008,A,2661,A,2893,A,3475,A,3033,A,2664,A,2663,A,2404,A,2252,A,1893,A,1580,A,1455,A,950,A,667,A,"35,327 "
4,SCL,237 , ,9.335,B,E,JCT. RTE. 880- NIMITZ FREEWAY ,01/07/2019,MON,341,A,196,A,180,A,138,A,249,A,524,A,1003,A,1695,A,2098,A,1932,A,2078,A,2763,A,3465,A,3898,A,5028,A,4976,A,5752,A,6390,A,5278,A,4754,A,3229,A,3604,A,2690,A,1131,A,"63,392 "
4,SCL,237 , ,9.335,B,E,JCT. RTE. 880- NIMITZ FREEWAY ,01/08/2019,TUE,568,A,282,A,240,A,176,A,300,A,604,A,1163,A,1820,A,2166,A,2104,A,2115,A,2828,A,3473,A,3807,A,5125,A,4999,A,5583,A,6300,A,5497,A,4926,A,3385,A,2114,A,1377,A,816,A,"61,768 "
4,SCL,237 , ,9.335,B,E,JCT. RTE. 880- NIMITZ FREEWAY ,01/09/2019,WED,456,A,251,A,160,A,154,A,270,A,580,A,1026,A,1803,A,2125,A,1998,A,2054,A,2723,A,3416,A,4075,A,5000,A,4573,A,5169,A,6502,A,5835,A,5171,A,3392,A,2338,A,1525,A,928,A,"61,524 "
4,SCL,237 , ,9.335,B,E,JCT. RTE. 880- NIMITZ FREEWAY ,01/10/2019,THU,444,A,270,A,215,A,165,A,265,A,574,A,1096,A,1848,A,2112,A,2105,A,2156,A,3023,A,3579,A,4266,A,5234,A,4939,A,5029,A,6135,A,6286,A,5229,A,3615,A,2503,A,1547,A,930,A,"63,565 "
4,SCL,237 , ,9.335,B,E,JCT. RTE. 880- NIMITZ FREEWAY ,01/11/2019,FRI,492,A,262,A,225,A,186,A,231,A,558,A,1068,A,1792,A,2242,A,2321,A,2391,A,3376,A,4114,A,4840,A,5345,A,4950,A,5198,A,6251,A,5795,A,5007,A,3415,A,2341,A,2041,A,1295,A,"65,736 "
4,SCL,237 , ,9.335,B,E,JCT. RTE. 880- NIMITZ FREEWAY ,01/12/2019,SAT,711,A,360,A,329,A,203,A,206,A,395,A,634,A,988,A,1502,A,2284,A,2772,A,3287,A,3750,A,4080,A,4138,A,4096,A,3998,A,3782,A,3411,A,2886,A,2633,A,2286,A,1776,A,1159,A,"51,666 "
4,SCL,237 , ,9.335,B,E,JCT. RTE. 880- NIMITZ FREEWAY ,01/13/2019,SUN,646,A,360,A,284,A,159,A,124,A,191,A,306,A,591,A,1035,A,1697,A,2375,A,3053,A,3466,A,4053,A,3816,A,3523,A,3365,A,3084,A,2837,A,2427,A,1942,A,1658,A,1110,A,654,A,"42,756 "
4,SCL,237 , ,9.335,B,E,JCT. RTE. 880- NIMITZ FREEWAY ,01/14/2019,MON,345,A,148,A,122,A,136,A,260,A,547,A,1044,A,1782,A,2103,A,2057,A,1962,A,2678,A,3321,A,3729,A,5020,A,4793,A,5289,A,6531,A,5694,A,5318,A,3211,A,2047,A,1213,A,828,A,"60,178 "
4,SCL,237 , ,9.335,B,E,JCT. RTE. 880- NIMITZ FREEWAY ,01/15/2019,TUE,446,A,228,A,177,A,134,A,282,A,551,A,1076,A,1764,A,2014,A,1980,A,1953,A,2790,A,3348,A,3833,A,4683,A,4608,A,5396,A,6254,A,5631,A,5187,A,3665,A,2345,A,1442,A,862,A,"60,649 "
4,SCL,237 , ,9.335,B,E,JCT. RTE. 880- NIMITZ FREEWAY ,04/01/2019,MON,368,A,192,A,102,A,160,A,259,A,602,A,1064,A,1935,A,2158,A,2162,A,2233,A,3020,A,3411,A,4189,A,4941,A,4910,A,5493,A,6036,A,5713,A,4496,A,2887,A,1940,A,1214,A,825,A,"60,310 "
4,SCL,237 , ,9.335,B,E,JCT. RTE. 880- NIMITZ FREEWAY ,04/02/2019,TUE,404,A,220,A,179,A,149,A,295,A,611,A,1138,A,1890,A,2128,A,2058,A,2282,A,3004,A,3572,A,4227,A,5169,A,5163,A,5762,A,6363,A,5898,A,4977,A,3125,A,2305,A,1528,A,869,A,"63,316 "
4,SCL,237 , ,9.335,B,E,JCT. RTE. 880- NIMITZ FREEWAY ,04/03/2019,WED,468,A,227,A,181,A,159,A,314,A,646,A,1200,A,1993,A,2178,A,2235,A,2297,A,3253,A,3708,A,4373,A,5327,A,5184,A,5958,A,6379,A,6128,A,4848,A,3148,A,2295,A,1457,A,872,A,"64,828 "
4,SCL,237 , ,9.335,B,E,JCT. RTE. 880- NIMITZ FREEWAY ,04/04/2019,THU,468,A,218,A,189,A,181,A,329,A,603,A,1215,A,1988,A,2224,A,2273,A,2362,A,3360,A,3821,A,4504,A,5236,A,5199,A,5892,A,6136,A,5875,A,4774,A,3355,A,2459,A,1646,A,927,A,"65,234 "
4,SCL,237 , ,9.335,B,E,JCT. RTE. 880- NIMITZ FREEWAY ,04/05/2019,FRI,489,A,252,A,227,A,171,A,292,A,612,A,1149,A,1978,A,2211,A,2317,A,2506,A,3659,A,4357,A,4755,A,5502,A,5102,A,5484,A,5890,A,5281,A,4427,A,3340,A,2594,A,1998,A,1168,A,"65,761 "
4,SCL,237 , ,9.335,B,E,JCT. RTE. 880- NIMITZ FREEWAY ,04/06/2019,SAT,693,A,381,A,254,A,193,A,186,A,432,A,697,A,1247,A,1759,A,2488,A,2984,A,3504,A,4223,A,4351,A,4269,A,4130,A,3828,A,3659,A,3637,A,3164,A,2953,A,2439,A,1905,A,1101,A,"54,477 "
4,SCL,237 , ,9.335,B,E,JCT. RTE. 880- NIMITZ FREEWAY ,04/07/2019,SUN,654,A,348,A,301,A,164,A,121,A,217,A,457,A,772,A,1266,A,2040,A,2742,A,3313,A,3607,A,4206,A,3887,A,3768,A,3409,A,3185,A,3027,A,2742,A,2274,A,1813,A,1187,A,690,A,"46,190 "
4,SCL,237 , ,9.335,B,E,JCT. RTE. 880- NIMITZ FREEWAY ,04/08/2019,MON,341,A,166,A,133,A,141,A,255,A,632,A,1125,A,1966,A,2217,A,2072,A,2193,A,3009,A,3494,A,4266,A,5084,A,5230,A,5845,A,6382,A,6029,A,4534,A,2676,A,1802,A,1232,A,778,A,"61,602 "
4,SCL,237 , ,9.335,B,E,JCT. RTE. 880- NIMITZ FREEWAY ,04/09/2019,TUE,430,A,257,A,166,A,152,A,316,A,610,A,1256,A,1985,A,2118,A,2041,A,2294,A,3004,C,3572,C,4227,C,5169,C,5163,C,5762,C,6363,C,5898,C,4977,C,3125,C,2305,C,1528,C,869,C,"63,587 "
4,SCL,237 , ,9.335,B,E,JCT. RTE. 880- NIMITZ FREEWAY ,07/08/2019,MON,506,A,278,A,290,A,686,A,2174,A,4789,A,4850,A,4107,A,3932,A,3850,A,4546,A,3820,A,3340,A,3337,A,3148,A,2941,A,3151,A,3511,A,3030,A,2430,A,1770,A,1494,A,1114,A,653,A,"63,747 "
4,SCL,237 , ,9.335,B,E,JCT. RTE. 880- NIMITZ FREEWAY ,07/09/2019,TUE,373,A,228,A,209,A,602,A,2166,A,4875,A,4516,A,4074,A,3699,A,3913,A,4315,A,3749,A,3509,A,3532,A,3318,A,2957,A,3258,A,3571,A,3005,A,2498,A,1855,A,1661,A,1176,A,677,A,"63,736 "
4,SCL,237 , ,9.335,B,E,JCT. RTE. 880- NIMITZ FREEWAY ,07/10/2019,WED,412,A,255,A,257,A,621,A,2141,A,4820,A,4674,A,4019,A,3922,A,3951,A,4696,A,4079,A,3742,A,3621,A,3314,A,2981,A,3270,A,3431,A,3311,A,2413,A,1879,A,1827,A,1248,A,804,A,"65,688 "
4,SCL,237 , ,9.335,B,E,JCT. RTE. 880- NIMITZ FREEWAY ,07/11/2019,THU,360,A,247,A,278,A,611,A,2175,A,4864,A,4742,A,4059,A,4069,A,3787,A,4306,A,4170,A,3582,A,3690,A,3163,A,3126,A,3463,A,3575,A,3269,A,2522,A,1995,A,1986,A,1366,A,821,A,"66,226 "
4,SCL,237 , ,9.335,B,E,JCT. RTE. 880- NIMITZ FREEWAY ,07/12/2019,FRI,411,A,227,A,281,A,620,A,2075,A,4405,A,4505,A,4525,A,4715,A,4219,A,4556,A,3919,A,3518,A,3639,A,3417,A,3442,A,3423,A,3539,A,3229,A,2643,A,2272,A,2253,A,1779,A,1141,A,"68,753 "
4,SCL,237 , ,9.335,B,E,JCT. RTE. 880- NIMITZ FREEWAY ,07/13/2019,SAT,682,A,432,A,295,A,329,A,730,A,1328,A,1717,A,2042,A,2470,A,3109,A,3445,A,3466,A,3924,A,3921,A,3927,A,3609,A,3549,A,3460,A,3069,A,2911,A,2735,A,2668,A,2223,A,1735,A,"57,776 "
4,SCL,237 , ,9.335,B,E,JCT. RTE. 880- NIMITZ FREEWAY ,07/14/2019,SUN,966,A,511,A,296,A,242,A,318,A,594,A,899,A,1190,A,1864,A,2749,A,2984,A,3517,A,3432,A,3803,A,3839,A,3585,A,3217,A,3280,A,3340,A,3068,A,2764,A,2473,A,1849,A,1140,A,"51,920 "
4,SCL,237 , ,9.335,B,E,JCT. RTE. 880- NIMITZ FREEWAY ,07/15/2019,MON,523,A,251,A,277,A,610,A,2209,A,4474,A,4796,A,4074,A,3672,A,3530,A,4531,A,3820,C,3340,C,3337,C,3148,C,2941,C,3151,C,3511,C,3030,C,2430,C,1770,C,1494,C,1114,C,653,C,"62,686 "
4,SCL,237 , ,9.335,B,W,JCT. RTE. 880- NIMITZ FREEWAY ,01/03/2019,THU,, ,, ,, ,, ,, ,, ,, ,, ,, ,, ,, ,, ,, ,3346,A,3145,A,2982,A,3054,A,3375,A,3153,A,2396,A,1599,A,1506,A,1126,A,842,A,"26,524 "
4,SCL,237 , ,9.335,B,W,JCT. RTE. 880- NIMITZ FREEWAY ,01/04/2019,FRI,386,A,239,A,232,A,477,A,1603,A,4096,A,4125,A,4101,A,4314,A,3943,A,4604,A,3789,A,3416,A,3453,A,3233,A,3077,A,3241,A,3606,A,3407,A,2591,A,2046,A,1822,A,1391,A,888,A,"64,080 "
4,SCL,237 , ,9.335,B,W,JCT. RTE. 880- NIMITZ FREEWAY ,01/05/2019,SAT,545,A,353,A,217,A,268,A,532,A,1053,A,1195,A,1436,A,1945,A,2171,A,2562,A,2678,A,3061,A,3126,A,3192,A,2976,A,3059,A,3077,A,2756,A,2240,A,1892,A,1872,A,1545,A,1030,A,"44,781 "
4,SCL,237 , ,9.335,B,W,JCT. RTE. 880- NIMITZ FREEWAY ,01/06/2019,SUN,656,A,402,A,216,A,210,A,278,A,570,A,747,A,1020,A,1506,A,2277,A,2299,A,2712,A,2673,A,2898,A,2793,A,2638,A,2552,A,2591,A,2330,A,2014,A,1767,A,1523,A,989,A,629,A,"38,290 "
4,SCL,237 , ,9.335,B,W,JCT. RTE. 880- NIMITZ FREEWAY ,01/07/2019,MON,310,A,241,A,226,A,601,A,1917,A,4471,A,4741,A,3947,A,3991,A,3201,A,4476,A,3970,A,3827,A,3898,A,3843,A,3763,A,3365,A,3450,A,3146,A,2160,A,1661,A,1581,A,1131,A,619,A,"64,536 "
4,SCL,237 , ,9.335,B,W,JCT. RTE. 880- NIMITZ FREEWAY ,01/08/2019,TUE,333,A,186,A,244,A,579,A,1870,A,4709,A,4769,A,4084,A,3698,A,3655,A,4450,A,3535,A,3156,A,3333,A,3010,A,2837,A,2987,A,3438,A,3177,A,2263,A,1593,A,1404,A,1094,A,612,A,"61,016 "
4,SCL,237 , ,9.335,B,W,JCT. RTE. 880- NIMITZ FREEWAY ,01/09/2019,WED,359,A,246,A,222,A,556,A,1957,A,4469,A,4761,A,4085,A,3969,A,3485,A,4407,A,3557,A,3305,A,3342,A,3040,A,2814,A,2997,A,3476,A,3079,A,2354,A,1642,A,1493,A,1037,A,670,A,"61,322 "
4,SCL,237 , ,9.335,B,W,JCT. RTE. 880- NIMITZ FREEWAY ,01/10/2019,THU,369,A,297,A,247,A,555,A,1857,A,4574,A,4621,A,3830,A,3347,A,3229,A,4228,A,3950,A,3467,A,3451,A,3221,A,2993,A,3107,A,3363,A,3162,A,2586,A,1834,A,1466,A,1118,A,702,A,"61,574 "
4,SCL,237 , ,9.335,B,W,JCT. RTE. 880- NIMITZ FREEWAY ,01/11/2019,FRI,373,A,276,A,254,A,544,A,1794,A,4372,A,4617,A,4284,A,4162,A,4165,A,4677,A,3761,A,3380,A,3490,A,3254,A,3101,A,3249,A,3486,A,3277,A,2392,A,1977,A,1627,A,1541,A,1005,A,"65,058 "
4,SCL,237 , ,9.335,B,W,JCT. RTE. 880- NIMITZ FREEWAY ,01/12/2019,SAT,578,A,394,A,331,A,284,A,600,A,1233,A,1546,A,1966,A,2504,A,2828,A,2980,A,3252,A,3491,A,3731,A,3457,A,3335,A,3481,A,3594,A,3226,A,2866,A,2393,A,2329,A,1855,A,1237,A,"53,491 "
4,SCL,237 , ,9.335,B,W,JCT. RTE. 880- NIMITZ FREEWAY ,01/13/2019,SUN,750,A,523,A,309,A,237,A,258,A,582,A,851,A,1099,A,1746,A,2608,A,2613,A,3082,A,3177,A,3663,A,3568,A,3190,A,3159,A,3158,A,3057,A,2789,A,2447,A,1967,A,1338,A,622,A,"46,793 "
4,SCL,237 , ,9.335,B,W,JCT. RTE. 880- NIMITZ FREEWAY ,01/14/2019,MON,346,A,197,A,225,A,577,A,1902,A,4595,A,4545,A,3948,A,3162,A,3259,A,3940,A,3420,A,3105,A,3173,A,3071,A,2807,A,3019,A,3341,A,2946,A,2247,A,1531,A,1316,A,984,A,532,A,"58,188 "
4,SCL,237 , ,9.335,B,W,JCT. RTE. 880- NIMITZ FREEWAY ,01/15/2019,TUE,254,A,178,A,216,A,492,A,1715,A,3995,A,3937,A,3146,A,2550,A,2521,A,3267,A,3107,A,2763,A,2721,A,2627,A,2487,A,2715,A,3065,A,2843,A,1999,A,1304,A,1209,A,830,A,506,A,"50,447 "
4,SCL,237 , ,9.335,B,W,JCT. RTE. 880- NIMITZ FREEWAY ,04/01/2019,MON,376,A,206,A,228,A,616,A,2153,A,4541,A,4653,A,4170,A,3886,A,3948,A,4643,A,3634,A,3238,A,3261,A,3132,A,2876,A,3169,A,3239,A,3055,A,2252,A,1678,A,1460,A,980,A,588,A,"61,982 "
4,SCL,237 , ,9.335,B,W,JCT. RTE. 880- NIMITZ FREEWAY ,04/02/2019,TUE,293,A,182,A,209,A,528,A,2027,A,4611,A,4375,A,2948,A,3251,A,3999,A,4101,A,4021,A,3194,A,3319,A,3177,A,2945,A,3114,A,3391,A,3051,A,2391,A,1720,A,1621,A,1285,A,758,A,"60,511 "
4,SCL,237 , ,9.335,B,W,JCT. RTE. 880- NIMITZ FREEWAY ,04/03/2019,WED,390,A,204,A,227,A,607,A,2148,A,4752,A,4678,A,4206,A,4321,A,3911,A,4570,A,3905,A,3421,A,3468,A,3328,A,3140,A,3157,A,3390,A,3057,A,2543,A,1837,A,1575,A,1186,A,837,A,"64,858 "
4,SCL,237 , ,9.335,B,W,JCT. RTE. 880- NIMITZ FREEWAY ,04/04/2019,THU,369,A,216,A,226,A,626,A,2216,A,4766,A,4582,A,4233,A,4146,A,4064,A,4787,A,3955,A,3428,A,3540,A,3219,A,3090,A,3213,A,3455,A,3066,A,2595,A,1870,A,1795,A,1206,A,802,A,"65,465 "
4,SCL,237 , ,9.335,B,W,JCT. RTE. 880- NIMITZ FREEWAY ,04/05/2019,FRI,414,A,249,A,252,A,604,A,1909,A,4283,A,4260,A,4433,A,4504,A,4046,A,4239,A,3582,A,3387,A,3399,A,3278,A,3275,A,3278,A,3540,A,3049,A,2678,A,2142,A,2072,A,1632,A,1116,A,"65,621 "
4,SCL,237 , ,9.335,B,W,JCT. RTE. 880- NIMITZ FREEWAY ,04/06/2019,SAT,603,A,391,A,297,A,286,A,695,A,1276,A,1595,A,1992,A,2405,A,2868,A,3145,A,3472,A,3825,A,3986,A,3845,A,3550,A,3666,A,3528,A,3346,A,3012,A,2760,A,2485,A,1988,A,1457,A,"56,473 "
4,SCL,237 , ,9.335,B,W,JCT. RTE. 880- NIMITZ FREEWAY ,04/07/2019,SUN,1144,A,470,A,277,A,192,A,287,A,592,A,923,A,1207,A,1949,A,2934,A,3148,A,3460,A,3503,A,3592,A,3568,A,3419,A,3406,A,3297,A,3198,A,3063,A,2706,A,2391,A,1464,A,822,A,"51,012 "
4,SCL,237 , ,9.335,B,W,JCT. RTE. 880- NIMITZ FREEWAY ,04/08/2019,MON,374,A,230,A,196,A,625,A,2127,A,4619,A,4769,A,4229,A,4007,A,4088,A,4711,A,3662,A,3220,A,3399,A,3136,A,2917,A,3001,A,3320,A,2998,A,2244,A,1652,A,1561,A,987,A,556,A,"62,628 "
4,SCL,237 , ,9.335,B,W,JCT. RTE. 880- NIMITZ FREEWAY ,04/09/2019,TUE,268,A,163,A,231,A,604,A,2147,A,4639,A,4489,A,3794,A,3620,A,3558,A,4010,A,4021,C,3194,C,3319,C,3177,C,2945,C,3114,C,3391,C,3051,C,2391,C,1720,C,1621,C,1285,C,758,C,"61,510 "
4,SCL,237 , ,9.335,B,W,JCT. RTE. 880- NIMITZ FREEWAY ,07/08/2019,MON,402,A,222,A,132,A,146,A,258,A,567,A,1117,A,1740,A,2067,A,2108,A,2157,A,2946,A,3535,A,4179,A,5077,A,4777,A,5877,A,6367,A,6189,A,4902,A,3216,A,2332,A,1474,A,910,A,"62,697 "
4,SCL,237 , ,9.335,B,W,JCT. RTE. 880- NIMITZ FREEWAY ,07/09/2019,TUE,511,A,267,A,177,A,163,A,294,A,613,A,1156,A,1765,A,2038,A,2129,A,2288,A,3107,A,3778,A,4277,A,5144,A,4876,A,6117,A,6872,A,6185,A,5450,A,3643,A,2744,A,1741,A,1061,A,"66,396 "
4,SCL,237 , ,9.335,B,W,JCT. RTE. 880- NIMITZ FREEWAY ,07/10/2019,WED,582,A,278,A,192,A,157,A,290,A,603,A,1159,A,1850,A,2116,A,2223,A,2344,A,3189,A,3918,A,4529,A,5217,A,4984,A,5936,A,6730,A,6455,A,5523,A,4160,A,3060,A,1881,A,1065,A,"68,441 "
4,SCL,237 , ,9.335,B,W,JCT. RTE. 880- NIMITZ FREEWAY ,07/11/2019,THU,580,A,280,A,215,A,194,A,289,A,624,A,1249,A,1790,A,2156,A,2259,A,2489,A,3413,A,4270,A,4618,A,5225,A,5112,A,5934,A,6483,A,6397,A,5581,A,3989,A,3011,A,1932,A,1191,A,"69,281 "
4,SCL,237 , ,9.335,B,W,JCT. RTE. 880- NIMITZ FREEWAY ,07/12/2019,FRI,571,A,283,A,234,A,180,A,318,A,615,A,1239,A,1906,A,2174,A,2469,A,2645,A,3668,A,4580,A,5189,A,4997,A,4684,A,5497,A,6248,A,5597,A,4997,A,3854,A,3106,A,2461,A,1505,A,"69,017 "
4,SCL,237 , ,9.335,B,W,JCT. RTE. 880- NIMITZ FREEWAY ,07/13/2019,SAT,957,A,502,A,296,A,193,A,214,A,382,A,766,A,1236,A,1865,A,2446,A,3061,A,3633,A,4239,A,4055,A,4046,A,3871,A,3585,A,3705,A,3435,A,3172,A,2974,A,2975,A,2673,A,1719,A,"56,000 "
4,SCL,237 , ,9.335,B,W,JCT. RTE. 880- NIMITZ FREEWAY ,07/14/2019,SUN,1180,A,550,A,291,A,187,A,145,A,239,A,453,A,689,A,1097,A,1755,A,2640,A,3355,A,3694,A,3964,A,3875,A,3583,A,3392,A,3081,A,3085,A,2825,A,2531,A,2426,A,1791,A,1430,A,"48,258 "
4,SCL,237 , ,9.335,B,W,JCT. RTE. 880- NIMITZ FREEWAY ,07/15/2019,MON,605,A,255,A,176,A,152,A,296,A,601,A,1142,A,1627,A,2029,A,2163,A,2276,A,2946,C,3535,C,4179,C,5077,C,4777,C,5877,C,6367,C,6189,C,4902,C,3216,C,2332,C,1474,C,910,C,"63,103 "
4,SCL,237 , ,8.02,A,E,SAN JOSE- ZANKER ROAD INTERCHA,10/01/2021,FRI,408,A,238,A,180,A,214,A,427,A,904,A,1524,A,2263,A,2759,A,2455,A,2425,A,2779,A,3365,A,3844,A,4223,A,4125,A,3868,A,3661,A,3528,A,3218,A,2380,A,1910,A,1345,A,1332,A,"53,375 "
4,SCL,237 , ,8.02,A,E,SAN JOSE- ZANKER ROAD INTERCHA,10/02/2021,SAT,1056,A,406,A,318,A,227,A,292,A,532,A,863,A,1466,A,1852,A,2398,A,2800,A,3247,A,3643,A,3544,A,3551,A,3561,A,3730,A,4019,A,3378,A,2948,A,2325,A,2028,A,1826,A,1505,A,"51,515 "
4,SCL,237 , ,8.02,A,E,SAN JOSE- ZANKER ROAD INTERCHA,10/03/2021,SUN,1159,A,404,A,307,A,189,A,199,A,349,A,654,A,972,A,1267,A,1985,A,2528,A,2999,A,3435,A,3162,A,3136,A,3480,A,4858,A,4528,A,2880,A,2530,A,1893,A,1571,A,1142,A,826,A,"46,453 "
4,SCL,237 , ,8.02,A,E,SAN JOSE- ZANKER ROAD INTERCHA,10/04/2021,MON,502,A,224,A,126,A,174,A,395,A,896,A,1562,A,2414,A,2848,A,2433,A,2323,A,2371,A,2825,A,3408,A,4110,A,3551,A,3840,A,3889,A,3060,A,2408,A,1680,A,1332,A,1060,A,735,A,"48,166 "
4,SCL,237 , ,8.02,A,E,SAN JOSE- ZANKER ROAD INTERCHA,10/05/2021,TUE,337,A,204,A,143,A,208,A,423,A,953,A,1561,A,2430,A,2973,A,2317,A,2209,A,2545,A,2809,A,3628,A,4294,A,4186,A,4065,A,3974,A,3495,A,2843,A,1997,A,1551,A,1228,A,831,A,"51,204 "
4,SCL,237 , ,8.02,A,E,SAN JOSE- ZANKER ROAD INTERCHA,10/06/2021,WED,367,A,214,A,168,A,198,A,451,A,949,A,1593,A,2557,A,2930,A,2589,A,2146,A,2480,A,2826,A,3501,A,4207,A,4176,A,4152,A,4114,A,3534,A,2790,A,1989,A,1617,A,1155,A,712,A,"51,415 "
4,SCL,237 , ,8.02,A,E,SAN JOSE- ZANKER ROAD INTERCHA,10/07/2021,THU,387,A,213,A,170,A,227,A,461,A,936,A,1576,A,2519,A,2871,A,2371,A,2156,A,2459,A,2721,A,3114,A,3940,A,4132,A,4036,A,4116,A,3476,A,2856,A,2137,A,1720,A,1326,A,1148,A,"51,068 "
4,SCL,237 , ,8.02,A,E,SAN JOSE- ZANKER ROAD INTERCHA,10/08/2021,FRI,790,A,305,A,200,A,226,A,467,A,907,A,1482,A,2258,A,2703,A,2540,A,2440,A,2951,A,3486,A,3933,A,4186,A,3969,A,4000,A,3976,A,3645,A,3157,A,2238,A,2258,A,1927,A,1522,A,"55,566 "
4,SCL,237 , ,8.02,A,E,SAN JOSE- ZANKER ROAD INTERCHA,10/09/2021,SAT,1023,A,408,A,326,A,226,A,292,A,504,A,839,A,1428,A,1747,A,2513,A,2843,A,3355,A,3597,A,3708,A,3617,A,3459,A,3667,A,4066,A,3412,A,2894,A,2194,A,2252,A,2019,A,2103,A,"52,492 "
4,SCL,237 , ,8.02,A,E,SAN JOSE- ZANKER ROAD INTERCHA,10/10/2021,SUN,1480,A,417,A,344,A,180,A,219,A,328,A,565,A,894,A,1254,A,2027,A,2518,A,3107,A,3213,A,3403,A,3191,A,2871,A,2889,A,3167,A,2744,A,2394,A,1860,A,1567,A,1135,A,918,A,"42,685 "
4,SCL,237 , ,8.02,A,E,SAN JOSE- ZANKER ROAD INTERCHA,10/11/2021,MON,602,A,193,A,149,A,178,A,363,A,908,A,1469,A,2316,A,2647,A,2433,C,2323,C,2371,C,2825,C,3408,C,4110,C,3551,C,3840,C,3889,C,3060,C,2408,C,1680,C,1332,C,1060,C,735,C,"47,850 "
4,SCL,237 , ,8.02,A,E,SAN JOSE- ZANKER ROAD INTERCHA,01/04/2022,TUE,, ,, ,, ,, ,, ,, ,, ,, ,, ,, ,1895,A,2146,A,2591,A,3104,A,3970,A,3781,A,3759,A,3563,A,2816,A,2103,A,1544,A,1181,A,938,A,658,A,"34,049 "
4,SCL,237 , ,8.02,A,E,SAN JOSE- ZANKER ROAD INTERCHA,01/05/2022,WED,338,A,236,A,159,A,189,A,377,A,859,A,1353,A,2015,A,2458,A,2126,A,1984,A,2221,A,2588,A,3166,A,3865,A,3936,A,3531,A,3492,A,2744,A,2252,A,1516,A,1146,A,914,A,663,A,"44,128 "
4,SCL,237 , ,8.02,A,E,SAN JOSE- ZANKER ROAD INTERCHA,01/06/2022,THU,334,A,257,A,151,A,197,A,379,A,872,A,1322,A,1992,A,2381,A,2002,A,1981,A,2184,A,2585,A,3093,A,3899,A,3899,A,3710,A,3649,A,2702,A,2181,A,1551,A,1189,A,896,A,690,A,"44,096 "
4,SCL,237 , ,8.02,A,E,SAN JOSE- ZANKER ROAD INTERCHA,01/07/2022,FRI,341,A,219,A,157,A,194,A,358,A,794,A,1311,A,1861,A,2279,A,2106,A,2018,A,2487,A,2887,A,3370,A,3812,A,3718,A,3398,A,3531,A,3007,A,2365,A,1780,A,1372,A,1140,A,817,A,"45,322 "
4,SCL,237 , ,8.02,A,E,SAN JOSE- ZANKER ROAD INTERCHA,01/08/2022,SAT,500,A,266,A,183,A,173,A,255,A,554,A,771,A,1041,A,1439,A,1883,A,2258,A,2607,A,2964,A,2959,A,3125,A,2957,A,3056,A,2957,A,2548,A,1995,A,1842,A,1598,A,1437,A,735,A,"40,103 "
4,SCL,237 , ,8.02,A,E,SAN JOSE- ZANKER ROAD INTERCHA,01/09/2022,SUN,446,A,222,A,237,A,147,A,136,A,327,A,506,A,689,A,989,A,1484,A,2002,A,2339,A,2802,A,2978,A,2598,A,2568,A,2449,A,2432,A,2019,A,1607,A,1291,A,1187,A,848,A,472,A,"32,775 "
4,SCL,237 , ,8.02,A,E,SAN JOSE- ZANKER ROAD INTERCHA,01/10/2022,MON,230,A,135,A,134,A,176,A,309,A,788,A,1291,A,2031,A,2403,A,1933,A,1929,A,2012,A,2346,A,2898,A,3716,A,3720,A,3457,A,3506,A,2678,A,1899,A,1368,A,1055,A,786,A,616,A,"41,416 "
4,SCL,237 , ,8.02,A,E,SAN JOSE- ZANKER ROAD INTERCHA,01/11/2022,TUE,312,A,224,A,138,A,174,A,333,A,818,A,1321,A,2122,A,2515,A,1975,A,1858,A,2118,A,2442,A,3053,A,3704,A,3837,A,3646,A,3642,A,2769,A,2124,A,1490,A,1163,A,874,A,648,A,"43,300 "
4,SCL,237 , ,8.02,A,E,SAN JOSE- ZANKER ROAD INTERCHA,01/12/2022,WED,361,A,203,A,156,A,190,A,372,A,868,A,1297,A,2057,A,2531,A,2126,C,1984,C,2221,C,2588,C,3166,C,3865,C,3936,C,3531,C,3492,C,2744,C,2252,C,1516,C,1146,C,914,C,663,C,"44,179 "
4,SCL,237 , ,8.02,A,E,SAN JOSE- ZANKER ROAD INTERCHA,04/01/2022,FRI,440,A,263,A,178,A,186,A,362,A,783,A,1435,A,2153,A,2772,A,2511,A,2500,A,2722,A,3271,A,3664,A,4078,A,3952,A,3971,A,4064,A,3656,A,3335,A,2560,A,2303,A,1875,A,1287,A,"54,321 "
4,SCL,237 , ,8.02,A,E,SAN JOSE- ZANKER ROAD INTERCHA,04/02/2022,SAT,698,A,392,A,286,A,226,A,254,A,472,A,786,A,1287,A,1787,A,2410,A,2921,A,3207,A,3543,A,3473,A,3561,A,3537,A,3487,A,3305,A,3314,A,2821,A,2177,A,1920,A,1580,A,1039,A,"48,483 "
4,SCL,237 , ,8.02,A,E,SAN JOSE- ZANKER ROAD INTERCHA,04/03/2022,SUN,648,A,364,A,317,A,172,A,145,A,301,A,548,A,825,A,1155,A,1868,A,2554,A,3084,A,3169,A,3309,A,3092,A,3056,A,2962,A,3026,A,2736,A,2123,A,1847,A,1549,A,1067,A,626,A,"40,543 "
4,SCL,237 , ,8.02,A,E,SAN JOSE- ZANKER ROAD INTERCHA,04/04/2022,MON,300,A,165,A,159,A,178,A,321,A,797,A,1419,A,2228,A,2939,A,2330,A,2002,A,2129,A,2413,A,3077,A,3992,A,3932,A,3940,A,3991,A,3325,A,2472,A,1857,A,1509,A,1068,A,715,A,"47,258 "
4,SCL,237 , ,8.02,A,E,SAN JOSE- ZANKER ROAD INTERCHA,04/05/2022,TUE,390,A,237,A,175,A,203,A,376,A,903,A,1513,A,2369,A,2998,A,2439,A,2109,A,2226,A,2554,A,3259,A,4082,A,4187,A,4160,A,4091,A,3762,A,3189,A,2274,A,1712,A,1271,A,891,A,"51,370 "
4,SCL,237 , ,8.02,A,E,SAN JOSE- ZANKER ROAD INTERCHA,04/06/2022,WED,414,A,221,A,170,A,221,A,377,A,943,A,1533,A,2371,A,2980,A,2631,A,2195,A,2412,A,2768,A,3280,A,4044,A,4066,A,4095,A,4148,A,3776,A,3016,A,2350,A,1856,A,1310,A,824,A,"52,001 "
4,SCL,237 , ,8.02,A,E,SAN JOSE- ZANKER ROAD INTERCHA,04/07/2022,THU,443,A,233,A,172,A,206,A,421,A,939,A,1505,A,2369,A,3014,A,2556,A,2247,A,2430,A,2742,A,3355,A,3591,A,3425,A,4123,A,4056,A,3614,A,3162,A,2491,A,2023,A,1468,A,929,A,"51,514 "
4,SCL,237 , ,8.02,A,E,SAN JOSE- ZANKER ROAD INTERCHA,04/08/2022,FRI,452,A,244,A,190,A,221,A,382,A,889,A,1465,A,2197,A,2552,A,2493,A,2430,A,2792,A,3148,A,3682,A,3941,A,3882,A,4065,A,3800,A,3476,A,3141,A,2598,A,2197,A,1804,A,1087,A,"53,128 "
4,SCL,237 , ,8.02,A,E,SAN JOSE- ZANKER ROAD INTERCHA,04/09/2022,SAT,696,A,393,A,315,A,220,A,239,A,536,A,858,A,1365,A,1814,A,2446,A,2800,A,3212,A,3584,A,3457,A,3393,A,3355,A,3469,A,3394,A,3549,A,2751,A,2354,A,1932,A,1621,A,1014,A,"48,767 "
4,SCL,237 , ,8.02,A,E,SAN JOSE- ZANKER ROAD INTERCHA,04/10/2022,SUN,655,A,376,A,306,A,172,A,162,A,333,A,604,A,915,A,1190,A,1973,A,2485,A,3048,A,3310,A,3428,A,3122,A,2937,A,2923,A,2790,A,2918,A,2372,A,1822,A,1541,A,1065,A,623,A,"41,070 "
4,SCL,237 , ,8.02,A,E,SAN JOSE- ZANKER ROAD INTERCHA,04/11/2022,MON,307,A,139,A,140,A,156,A,328,A,876,A,1353,A,2151,A,2838,A,2326,A,2004,A,2102,A,2484,A,2949,A,3897,A,3890,A,3750,A,3868,A,3169,A,2519,A,1944,A,1467,A,1031,A,745,A,"46,433 "
4,SCL,237 , ,8.02,A,E,SAN JOSE- ZANKER ROAD INTERCHA,07/05/2022,TUE,579,A,231,A,163,A,169,A,308,A,716,A,1340,A,2108,A,2644,A,2269,A,2108,A,2346,A,2608,A,2934,A,3632,A,3623,A,3498,A,3672,A,3164,A,2433,A,1909,A,1534,A,1143,A,817,A,"45,948 "
4,SCL,237 , ,8.02,A,E,SAN JOSE- ZANKER ROAD INTERCHA,07/06/2022,WED,485,A,228,A,147,A,194,A,382,A,816,A,1488,A,2164,A,2778,A,2411,A,2209,A,2286,A,2692,A,3242,A,4001,A,3836,A,3969,A,4024,A,3568,A,2963,A,2398,A,1798,A,1356,A,815,A,"50,250 "
4,SCL,237 , ,8.02,A,E,SAN JOSE- ZANKER ROAD INTERCHA,07/07/2022,THU,481,A,246,A,167,A,199,A,382,A,882,A,1481,A,2202,A,2751,A,2401,A,2235,A,2411,A,2723,A,3243,A,4059,A,3873,A,4017,A,4122,A,3721,A,3174,A,2500,A,1894,A,1447,A,984,A,"51,595 "
4,SCL,237 , ,8.02,A,E,SAN JOSE- ZANKER ROAD INTERCHA,07/08/2022,FRI,530,A,268,A,167,A,210,A,378,A,885,A,1514,A,2051,A,2562,A,2364,A,2317,A,2580,A,3018,A,3162,A,3881,A,3846,A,3883,A,3931,A,3488,A,3127,A,2504,A,2224,A,1948,A,1240,A,"52,078 "
4,SCL,237 , ,8.02,A,E,SAN JOSE- ZANKER ROAD INTERCHA,07/09/2022,SAT,706,A,431,A,371,A,210,A,278,A,528,A,872,A,1226,A,1723,A,2120,A,2609,A,3079,A,3387,A,3277,A,3124,A,3052,A,3182,A,3223,A,3094,A,2704,A,2378,A,2211,A,2037,A,1364,A,"47,186 "
4,SCL,237 , ,8.02,A,E,SAN JOSE- ZANKER ROAD INTERCHA,07/10/2022,SUN,1010,A,517,A,370,A,196,A,213,A,317,A,527,A,869,A,1160,A,1751,A,2284,A,2928,A,3079,A,3353,A,3001,A,2768,A,2857,A,2729,A,2558,A,2334,A,1996,A,1945,A,1622,A,1192,A,"41,576 "
4,SCL,237 , ,8.02,A,E,SAN JOSE- ZANKER ROAD INTERCHA,07/11/2022,MON,465,A,223,A,164,A,190,A,365,A,892,A,1410,A,2205,A,2713,A,2427,A,2113,A,2249,A,2555,A,2933,A,3868,A,3919,A,3948,A,4037,A,3377,A,2686,A,2143,A,1601,A,1192,A,802,A,"48,477 "
4,SCL,237 , ,8.020,A,E,SAN JOSE- ZANKER ROAD INTERCHA,7/12/2022,TUE,534,A,228,A,159,A,184,A,384,A,886,A,1513,A,2294,A,2723,A,2387,A,2160,A,2265,A,2681,A,3345,A,4114,A,3869,A,4094,A,4147,A,3832,A,3265,A,2430,A,1891,A,1387,A,837,A,"51,609"
4,SCL,237 , ,8.020,A,E,SAN JOSE- ZANKER ROAD INTERCHA,7/13/2022,WED,564,A,263,A,181,A,246,A,433,A,884,A,1510,A,2365,A,2799,A,2553,A,2174,A,2362,A,2670,A,3377,A,4078,A,3945,A,4080,A,4017,A,3366,A,3276,A,2906,A,2175,A,1482,A,905,A,"52,611"
4,SCL,237 , ,8.020,A,E,SAN JOSE- ZANKER ROAD INTERCHA,7/14/2022,THU,521,A,263,A,175,A,232,A,421,A,890,A,1503,A,2239,A,2751,C,2401,C,2235,C,2411,C,2723,C,3243,C,4059,C,3873,C,4017,C,4122,C,3721,C,3174,C,2500,C,1894,C,1447,C,984,C,"51,799"
4,SCL,237 , ,8.020,A,W,SAN JOSE- ZANKER ROAD INTERCHA,10/1/2021,FRI,360,A,211,A,245,A,440,A,1393,A,3256,A,3839,A,4350,A,4093,A,3519,A,3341,A,3456,A,3208,A,3383,A,3486,A,3472,A,3651,A,4102,A,3955,A,2854,A,2427,A,1931,A,1565,A,1057,A,"63,594"
4,SCL,237 , ,8.020,A,W,SAN JOSE- ZANKER ROAD INTERCHA,10/2/2021,SAT,647,A,456,A,250,A,272,A,413,A,1001,A,1494,A,1712,A,2176,A,2690,A,3151,A,3745,A,3815,A,3936,A,3643,A,3638,A,3565,A,3710,A,3974,A,3550,A,2862,A,2219,A,1903,A,1290,A,"56,112"
4,SCL,237 , ,8.020,A,W,SAN JOSE- ZANKER ROAD INTERCHA,10/3/2021,SUN,831,A,442,A,256,A,226,A,257,A,584,A,1123,A,1362,A,2203,A,3434,A,4063,A,4689,A,4485,A,3575,A,3414,A,3158,A,3008,A,2837,A,3427,A,3039,A,2562,A,1862,A,1287,A,650,A,"52,774"
4,SCL,237 , ,8.020,A,W,SAN JOSE- ZANKER ROAD INTERCHA,10/4/2021,MON,340,A,208,A,188,A,457,A,1549,A,3442,A,4018,A,4454,A,4176,A,3641,A,3075,A,2785,A,2841,A,2985,A,3097,A,2833,A,3204,A,3623,A,2939,A,2150,A,1650,A,1243,A,943,A,481,A,"56,322"
4,SCL,237 , ,8.020,A,W,SAN JOSE- ZANKER ROAD INTERCHA,10/5/2021,TUE,256,A,165,A,201,A,488,A,1558,A,3576,A,4281,A,4774,A,4432,A,3762,A,3315,A,3000,A,2966,A,3204,A,3277,A,3028,A,3174,A,3702,A,3397,A,2464,A,1701,A,1335,A,990,A,561,A,"59,607"
4,SCL,237 , ,8.020,A,W,SAN JOSE- ZANKER ROAD INTERCHA,10/6/2021,WED,307,A,187,A,201,A,501,A,1510,A,3580,A,4204,A,4655,A,4375,A,3654,A,3494,A,3229,A,3060,A,3141,A,3267,A,3141,A,3370,A,3738,A,3253,A,2537,A,1649,A,1368,A,1067,A,587,A,"60,075"
4,SCL,237 , ,8.020,A,W,SAN JOSE- ZANKER ROAD INTERCHA,10/7/2021,THU,282,A,193,A,231,A,480,A,1484,A,3579,A,4210,A,4556,A,4520,A,3575,A,3256,A,3196,A,3116,A,3241,A,3364,A,3267,A,3539,A,4119,A,3682,A,2508,A,1748,A,1580,A,1091,A,579,A,"61,396"
4,SCL,237 , ,8.020,A,W,SAN JOSE- ZANKER ROAD INTERCHA,10/8/2021,FRI,347,A,231,A,242,A,412,A,1394,A,3246,A,3707,A,4217,A,4091,A,3295,A,3306,A,3299,A,3396,A,3473,A,3504,A,3368,A,3739,A,4062,A,4035,A,3470,A,2457,A,1916,A,1546,A,1013,A,"63,766"
4,SCL,237 , ,8.020,A,W,SAN JOSE- ZANKER ROAD INTERCHA,10/9/2021,SAT,690,A,377,A,281,A,258,A,442,A,949,A,1270,A,1655,A,2174,A,2655,A,3305,A,3533,A,3504,A,3811,A,3817,A,3906,A,3889,A,4084,A,4313,A,3850,A,2851,A,2339,A,2009,A,1370,A,"57,332"
4,SCL,237 , ,8.020,A,W,SAN JOSE- ZANKER ROAD INTERCHA,10/10/2021,SUN,761,A,368,A,238,A,178,A,262,A,511,A,777,A,976,A,1571,A,2471,A,2821,A,3363,A,3304,A,3478,A,3364,A,3307,A,3149,A,3362,A,3539,A,3123,A,2472,A,2044,A,1275,A,695,A,"47,409"
4,SCL,237 , ,8.020,A,W,SAN JOSE- ZANKER ROAD INTERCHA,10/11/2021,MON,386,A,219,A,176,A,433,A,1388,A,3233,A,3769,A,4194,A,3856,A,3208,A,3075,C,2785,C,2841,C,2985,C,3097,C,2833,C,3204,C,3623,C,2939,C,2150,C,1650,C,1243,C,943,C,481,C,"54,711"
4,SCL,237 , ,8.020,A,W,SAN JOSE- ZANKER ROAD INTERCHA,1/4/2022,TUE,, ,, ,, ,, ,, ,, ,, ,, ,, ,, ,2747,A,2616,A,2585,A,2888,A,2863,A,2639,A,2769,A,3246,A,2571,A,1661,A,1285,A,1062,A,719,A,423,A,"30,074"
4,SCL,237 , ,8.020,A,W,SAN JOSE- ZANKER ROAD INTERCHA,1/5/2022,WED,256,A,175,A,180,A,394,A,1332,A,3259,A,3783,A,3816,A,3651,A,3142,A,2940,A,2650,A,2644,A,2930,A,2773,A,2734,A,2791,A,3149,A,2570,A,1853,A,1382,A,1103,A,858,A,457,A,"50,822"
4,SCL,237 , ,8.020,A,W,SAN JOSE- ZANKER ROAD INTERCHA,1/6/2022,THU,271,A,161,A,182,A,464,A,1323,A,3225,A,3785,A,3820,A,3545,A,3116,A,2877,A,2751,A,2783,A,2857,A,2960,A,2755,A,2900,A,3173,A,2780,A,1801,A,1287,A,1153,A,822,A,459,A,"51,250"
4,SCL,237 , ,8.020,A,W,SAN JOSE- ZANKER ROAD INTERCHA,1/7/2022,FRI,267,A,165,A,171,A,376,A,1159,A,2969,A,3460,A,3590,A,3265,A,2922,A,2851,A,2654,A,2831,A,3165,A,2930,A,2905,A,3011,A,3230,A,2816,A,2091,A,1656,A,1342,A,1041,A,621,A,"51,488"
4,SCL,237 , ,8.020,A,W,SAN JOSE- ZANKER ROAD INTERCHA,1/8/2022,SAT,361,A,209,A,160,A,196,A,357,A,842,A,1195,A,1383,A,1749,A,2053,A,2575,A,2716,A,3109,A,3213,A,3325,A,3175,A,3302,A,3254,A,2813,A,2097,A,1705,A,1541,A,1211,A,693,A,"43,234"
4,SCL,237 , ,8.020,A,W,SAN JOSE- ZANKER ROAD INTERCHA,1/9/2022,SUN,376,A,227,A,168,A,150,A,217,A,518,A,799,A,837,A,1149,A,1782,A,2159,A,2620,A,2797,A,2948,A,2797,A,2864,A,2791,A,2770,A,2466,A,2075,A,1567,A,1343,A,875,A,429,A,"36,724"
4,SCL,237 , ,8.020,A,W,SAN JOSE- ZANKER ROAD INTERCHA,1/10/2022,MON,231,A,172,A,154,A,427,A,1344,A,3182,A,3770,A,3799,A,3534,A,3097,A,2703,A,2563,A,2609,A,2798,A,2784,A,2576,A,2798,A,3025,A,2436,A,1687,A,1252,A,956,A,725,A,403,A,"49,025"
4,SCL,237 , ,8.020,A,W,SAN JOSE- ZANKER ROAD INTERCHA,1/11/2022,TUE,236,A,166,A,140,A,433,A,1344,A,3147,A,3705,A,4015,A,3780,A,3151,A,2884,A,2657,A,2630,A,2852,A,2902,A,2706,A,2744,A,3243,A,2589,A,1795,A,1316,A,1080,A,771,A,445,A,"50,731"
4,SCL,237 , ,8.020,A,W,SAN JOSE- ZANKER ROAD INTERCHA,1/12/2022,WED,207,A,149,A,156,A,434,A,1333,A,3160,A,3678,A,3971,A,3700,A,3142,C,2940,C,2650,C,2644,C,2930,C,2773,C,2734,C,2791,C,3149,C,2570,C,1853,C,1382,C,1103,C,858,C,457,C,"50,764"
4,SCL,237 , ,8.020,A,W,SAN JOSE- ZANKER ROAD INTERCHA,4/1/2022,FRI,339,A,244,A,227,A,412,A,1016,A,3234,A,3911,A,4214,A,4254,A,3582,A,3125,A,3261,A,3375,A,3411,A,3599,A,3555,A,3732,A,3795,A,3518,A,3008,A,2384,A,2101,A,1508,A,1004,A,"62,809"
4,SCL,237 , ,8.020,A,W,SAN JOSE- ZANKER ROAD INTERCHA,4/2/2022,SAT,595,A,371,A,209,A,213,A,355,A,958,A,1178,A,1743,A,2008,A,2582,A,3123,A,3545,A,3865,A,3994,A,3983,A,3585,A,3642,A,3461,A,3391,A,3042,A,2691,A,2206,A,1753,A,1125,A,"53,618"
4,SCL,237 , ,8.020,A,W,SAN JOSE- ZANKER ROAD INTERCHA,4/3/2022,SUN,676,A,341,A,245,A,177,A,213,A,578,A,807,A,1017,A,1645,A,2497,A,2835,A,3453,A,3429,A,3590,A,3652,A,3380,A,3124,A,3148,A,3166,A,2976,A,2350,A,1962,A,1331,A,673,A,"47,265"
4,SCL,237 , ,8.020,A,W,SAN JOSE- ZANKER ROAD INTERCHA,4/4/2022,MON,326,A,178,A,203,A,396,A,1375,A,3486,A,4149,A,4352,A,4497,A,3632,A,3245,A,2903,A,2896,A,3093,A,3038,A,3045,A,3178,A,3616,A,2978,A,2181,A,1674,A,1330,A,937,A,591,A,"57,299"
4,SCL,237 , ,8.020,A,W,SAN JOSE- ZANKER ROAD INTERCHA,4/5/2022,TUE,296,A,167,A,209,A,414,A,1304,A,3642,A,4416,A,4708,A,4685,A,4288,A,3685,A,3165,A,3103,A,2978,A,3175,A,3041,A,3213,A,3785,A,3229,A,2342,A,1828,A,1469,A,1001,A,591,A,"60,734"
4,SCL,237 , ,8.020,A,W,SAN JOSE- ZANKER ROAD INTERCHA,4/6/2022,WED,305,A,177,A,197,A,403,A,1369,A,3674,A,4420,A,4665,A,4077,A,4315,A,3627,A,3218,A,2875,A,3186,A,3424,A,3074,A,3320,A,3831,A,3194,A,2500,A,1834,A,1521,A,1118,A,621,A,"60,945"
4,SCL,237 , ,8.020,A,W,SAN JOSE- ZANKER ROAD INTERCHA,4/7/2022,THU,330,A,191,A,194,A,432,A,1361,A,3612,A,3389,A,4651,A,4636,A,4147,A,3878,A,3645,A,3261,A,3424,A,3287,A,3176,A,3370,A,3971,A,3238,A,2516,A,2042,A,1618,A,1262,A,691,A,"62,322"
4,SCL,237 , ,8.020,A,W,SAN JOSE- ZANKER ROAD INTERCHA,4/8/2022,FRI,378,A,209,A,191,A,370,A,1304,A,3342,A,3924,A,4275,A,4103,A,3529,A,3376,A,3389,A,3316,A,3418,A,3307,A,3328,A,3519,A,3815,A,3533,A,3015,A,2540,A,2120,A,1593,A,968,A,"62,862"
4,SCL,237 , ,8.020,A,W,SAN JOSE- ZANKER ROAD INTERCHA,4/9/2022,SAT,546,A,292,A,247,A,222,A,399,A,973,A,1281,A,1729,A,2301,A,2729,A,3283,A,3500,A,3736,A,3709,A,3851,A,3522,A,3423,A,3544,A,3524,A,3191,A,2749,A,2266,A,1859,A,1325,A,"54,201"
4,SCL,237 , ,8.020,A,W,SAN JOSE- ZANKER ROAD INTERCHA,4/10/2022,SUN,638,A,349,A,261,A,199,A,244,A,530,A,818,A,1081,A,1753,A,2591,A,2852,A,3478,A,3434,A,3542,A,3433,A,3442,A,3230,A,3265,A,3190,A,2977,A,2340,A,1932,A,1259,A,700,A,"47,538"
4,SCL,237 , ,8.020,A,W,SAN JOSE- ZANKER ROAD INTERCHA,4/11/2022,MON,341,A,204,A,182,A,390,A,1356,A,3612,A,4074,A,4108,A,4106,A,3517,A,3247,A,2902,A,2880,A,2916,A,2983,A,2910,A,3006,A,3444,A,2878,A,2083,A,1612,A,1261,A,937,A,578,A,"55,527"
4,SCL,237 , ,8.020,A,W,SAN JOSE- ZANKER ROAD INTERCHA,7/5/2022,TUE,602,A,282,A,187,A,373,A,1211,A,3166,A,3846,A,4153,A,3837,A,3550,A,3412,A,3068,A,3037,A,3121,A,3106,A,2997,A,3117,A,3632,A,3078,A,2182,A,1861,A,1606,A,1123,A,593,A,"57,140"
4,SCL,237 , ,8.020,A,W,SAN JOSE- ZANKER ROAD INTERCHA,7/6/2022,WED,363,A,204,A,228,A,424,A,1459,A,3817,A,4322,A,4459,A,4358,A,4156,A,3724,A,3388,A,3381,A,3311,A,3222,A,3054,A,3380,A,3778,A,3365,A,2210,A,1860,A,1662,A,1163,A,664,A,"61,952"
4,SCL,237 , ,8.020,A,W,SAN JOSE- ZANKER ROAD INTERCHA,7/7/2022,THU,343,A,224,A,209,A,381,A,1435,A,3745,A,4191,A,4584,A,4486,A,4302,A,3824,A,2993,A,3478,A,3356,A,3188,A,3082,A,3224,A,3843,A,3233,A,2464,A,1989,A,1714,A,1255,A,759,A,"62,302"
4,SCL,237 , ,8.020,A,W,SAN JOSE- ZANKER ROAD INTERCHA,7/8/2022,FRI,373,A,242,A,209,A,358,A,1315,A,3525,A,4067,A,3919,A,3680,A,3487,A,3516,A,3364,A,3331,A,3392,A,3261,A,3193,A,3422,A,3817,A,3446,A,2836,A,2390,A,2098,A,1676,A,1105,A,"62,022"
4,SCL,237 , ,8.020,A,W,SAN JOSE- ZANKER ROAD INTERCHA,7/9/2022,SAT,612,A,351,A,249,A,236,A,430,A,1075,A,1320,A,1575,A,2193,A,2617,A,3308,A,3390,A,3711,A,3916,A,3804,A,3812,A,3578,A,3450,A,3418,A,2937,A,2506,A,2421,A,1968,A,1279,A,"54,156"
4,SCL,237 , ,8.020,A,W,SAN JOSE- ZANKER ROAD INTERCHA,7/10/2022,SUN,805,A,424,A,281,A,214,A,264,A,545,A,826,A,943,A,1526,A,2387,A,2933,A,3198,A,3357,A,3651,A,3633,A,3407,A,3538,A,3413,A,3251,A,2787,A,2418,A,2036,A,1637,A,852,A,"48,326"
4,SCL,237 , ,8.020,A,W,SAN JOSE- ZANKER ROAD INTERCHA,7/11/2022,MON,413,A,234,A,204,A,395,A,1518,A,3784,A,4279,A,4456,A,4516,A,4157,A,3775,A,3239,A,2925,A,3008,A,3082,A,2892,A,3132,A,3669,A,3094,A,2212,A,1653,A,1466,A,1062,A,604,A,"59,769"
4,SCL,237 , ,8.020,A,W,SAN JOSE- ZANKER ROAD INTERCHA,7/12/2022,TUE,270,A,222,A,182,A,413,A,1509,A,3849,A,3580,A,4532,A,4536,A,4265,A,3991,A,3420,A,3231,A,3267,A,3073,A,3030,A,3262,A,3591,A,2951,A,2367,A,1886,A,1672,A,1183,A,662,A,"60,944"
4,SCL,237 , ,8.020,A,W,SAN JOSE- ZANKER ROAD INTERCHA,7/13/2022,WED,383,A,218,A,219,A,397,A,1487,A,3726,A,4373,A,4604,A,4145,A,4244,A,4087,A,3688,A,3370,A,3159,A,3329,A,3028,A,3318,A,3917,A,3411,A,2593,A,2109,A,1722,A,1180,A,667,A,"63,374"
4,SCL,237 , ,8.020,A,W,SAN JOSE- ZANKER ROAD INTERCHA,7/14/2022,THU,336,A,223,A,225,A,427,A,1570,A,3783,A,4444,A,4566,A,4486,C,4302,C,3824,C,2993,C,3478,C,3356,C,3188,C,3082,C,3224,C,3843,C,3233,C,2464,C,1989,C,1714,C,1255,C,759,C,"62,764"
4,SCL,237 , ,9.335,B,E,JCT. RTE. 880- NIMITZ FREEWAY ,10/1/2021,FRI,434,A,246,A,178,A,152,A,280,A,560,A,1041,A,1764,A,2036,A,1926,A,2133,A,2695,A,3342,A,3819,A,4481,A,4434,A,4118,A,4219,A,3661,A,3333,A,2635,A,2230,A,1518,A,1331,A,"52,566"
4,SCL,237 , ,9.335,B,E,JCT. RTE. 880- NIMITZ FREEWAY ,10/2/2021,SAT,966,A,443,A,301,A,190,A,197,A,350,A,649,A,1148,A,1506,A,2064,A,2651,A,3246,A,3574,A,3741,A,3727,A,3685,A,3553,A,3907,A,3479,A,3180,A,2606,A,2152,A,1842,A,1397,A,"50,554"
4,SCL,237 , ,9.335,B,E,JCT. RTE. 880- NIMITZ FREEWAY ,10/3/2021,SUN,931,A,428,A,257,A,184,A,151,A,250,A,508,A,734,A,1048,A,1849,A,2328,A,3056,A,3611,A,3433,A,3322,A,3488,A,4790,A,4425,A,3108,A,2719,A,2005,A,1648,A,1169,A,803,A,"46,245"
4,SCL,237 , ,9.335,B,E,JCT. RTE. 880- NIMITZ FREEWAY ,10/4/2021,MON,435,A,219,A,105,A,134,A,248,A,578,A,1056,A,1656,A,1990,A,1798,A,1883,A,2287,A,2664,A,3187,A,3924,A,3926,A,3982,A,4039,A,3201,A,2379,A,1803,A,1398,A,1054,A,675,A,"44,621"
4,SCL,237 , ,9.335,B,E,JCT. RTE. 880- NIMITZ FREEWAY ,10/5/2021,TUE,307,A,206,A,133,A,144,A,287,A,596,A,1106,A,1651,A,2085,A,1751,A,1830,A,2399,A,2763,A,3308,A,4289,A,4469,A,4330,A,4346,A,3690,A,2813,A,2137,A,1632,A,1206,A,771,A,"48,249"
4,SCL,237 , ,9.335,B,E,JCT. RTE. 880- NIMITZ FREEWAY ,10/6/2021,WED,389,A,218,A,181,A,161,A,284,A,576,A,1113,A,1737,A,2083,A,1935,A,1851,A,2483,A,2822,A,3226,A,4203,A,4377,A,4251,A,4477,A,3525,A,2755,A,2152,A,1620,A,1158,A,711,A,"48,288"
4,SCL,237 , ,9.335,B,E,JCT. RTE. 880- NIMITZ FREEWAY ,10/7/2021,THU,403,A,248,A,182,A,170,A,302,A,610,A,1083,A,1770,A,2057,A,1794,A,1829,A,2544,A,2843,A,3189,A,4054,A,4365,A,4105,A,4327,A,3499,A,2724,A,2169,A,1739,A,1310,A,1014,A,"48,330"
4,SCL,237 , ,9.335,B,E,JCT. RTE. 880- NIMITZ FREEWAY ,10/8/2021,FRI,662,A,294,A,186,A,166,A,296,A,584,A,1039,A,1640,A,1976,A,2006,A,2144,A,2713,A,3364,A,3804,A,4615,A,4401,A,4097,A,4549,A,3990,A,3116,A,2627,A,2415,A,1936,A,1367,A,"53,987"
4,SCL,237 , ,9.335,B,E,JCT. RTE. 880- NIMITZ FREEWAY ,10/9/2021,SAT,855,A,395,A,282,A,160,A,192,A,337,A,634,A,1185,A,1651,A,2345,A,2716,A,3338,A,3697,A,3904,A,3820,A,3671,A,3536,A,3840,A,3522,A,3104,A,2366,A,2359,A,1885,A,1683,A,"51,477"
4,SCL,237 , ,9.335,B,E,JCT. RTE. 880- NIMITZ FREEWAY ,10/10/2021,SUN,1215,A,341,A,258,A,132,A,149,A,202,A,441,A,657,A,1028,A,1705,A,2287,A,3046,A,3281,A,3626,A,3272,A,3156,A,2969,A,3171,A,2876,A,2621,A,2019,A,1629,A,1150,A,814,A,"42,045"
4,SCL,237 , ,9.335,B,E,JCT. RTE. 880- NIMITZ FREEWAY ,10/11/2021,MON,486,A,183,A,117,A,129,A,227,A,546,A,1059,A,1512,A,1816,A,1798,C,1883,C,2287,C,2664,C,3187,C,3924,C,3926,C,3982,C,4039,C,3201,C,2379,C,1803,C,1398,C,1054,C,675,C,"44,275"
4,SCL,237 , ,9.335,B,E,JCT. RTE. 880- NIMITZ FREEWAY ,1/4/2022,TUE,, ,, ,, ,, ,, ,, ,, ,, ,, ,, ,1687,A,2188,A,2571,A,2853,A,3651,A,3729,A,3641,A,3478,A,2743,A,2053,A,1624,A,1161,A,924,A,608,A,"32,911"
4,SCL,237 , ,9.335,B,E,JCT. RTE. 880- NIMITZ FREEWAY ,1/5/2022,WED,306,A,206,A,163,A,143,A,257,A,547,A,970,A,1497,A,1783,A,1692,A,1772,A,2227,A,2660,A,3054,A,3784,A,4038,A,3527,A,3478,A,2726,A,2210,A,1642,A,1229,A,960,A,579,A,"41,450"
4,SCL,237 , ,9.335,B,E,JCT. RTE. 880- NIMITZ FREEWAY ,1/6/2022,THU,315,A,240,A,162,A,151,A,269,A,544,A,944,A,1510,A,1777,A,1645,A,1785,A,2214,A,2570,A,2877,A,3717,A,3875,A,3709,A,3535,A,2718,A,2077,A,1648,A,1290,A,956,A,655,A,"41,183"
4,SCL,237 , ,9.335,B,E,JCT. RTE. 880- NIMITZ FREEWAY ,1/7/2022,FRI,321,A,231,A,155,A,142,A,231,A,540,A,912,A,1433,A,1683,A,1660,A,1793,A,2421,A,2880,A,3253,A,3691,A,3786,A,3384,A,3564,A,2925,A,2431,A,1975,A,1524,A,1169,A,824,A,"42,928"
4,SCL,237 , ,9.335,B,E,JCT. RTE. 880- NIMITZ FREEWAY ,1/8/2022,SAT,451,A,263,A,179,A,136,A,163,A,345,A,605,A,825,A,1230,A,1676,A,2162,A,2520,A,3122,A,3191,A,3200,A,3202,A,3136,A,2962,A,2656,A,2195,A,1933,A,1654,A,1316,A,729,A,"39,851"
4,SCL,237 , ,9.335,B,E,JCT. RTE. 880- NIMITZ FREEWAY ,1/9/2022,SUN,451,A,209,A,161,A,128,A,114,A,221,A,399,A,592,A,818,A,1261,A,1797,A,2415,A,2798,A,3009,A,2742,A,2744,A,2692,A,2556,A,2198,A,1821,A,1332,A,1267,A,867,A,447,A,"33,039"
4,SCL,237 , ,9.335,B,E,JCT. RTE. 880- NIMITZ FREEWAY ,1/10/2022,MON,286,A,135,A,85,A,133,A,215,A,514,A,928,A,1430,A,1680,A,1523,A,1744,A,2043,A,2406,A,2761,A,3582,A,3727,A,3472,A,3476,A,2632,A,1924,A,1427,A,1074,A,828,A,551,A,"38,576"
4,SCL,237 , ,9.335,B,E,JCT. RTE. 880- NIMITZ FREEWAY ,1/11/2022,TUE,304,A,204,A,137,A,127,A,216,A,538,A,938,A,1466,A,1717,A,1603,A,1728,A,2121,A,2500,A,2897,A,3520,A,3830,A,3625,A,3654,A,2727,A,2108,A,1621,A,1175,A,896,A,601,A,"40,253"
4,SCL,237 , ,9.335,B,E,JCT. RTE. 880- NIMITZ FREEWAY ,1/12/2022,WED,347,A,212,A,170,A,125,A,263,A,537,A,908,A,1442,A,1806,A,1692,C,1772,C,2227,C,2660,C,3054,C,3784,C,4038,C,3527,C,3478,C,2726,C,2210,C,1642,C,1229,C,960,C,579,C,"41,388"
4,SCL,237 , ,9.335,B,E,JCT. RTE. 880- NIMITZ FREEWAY ,4/1/2022,FRI,411,A,222,A,195,A,155,A,274,A,538,A,1057,A,1666,A,2154,A,2043,A,2249,A,2700,A,3370,A,3816,A,4441,A,4311,A,4258,A,4427,A,3709,A,3304,A,2869,A,2555,A,1923,A,1361,A,"54,008"
4,SCL,237 , ,9.335,B,E,JCT. RTE. 880- NIMITZ FREEWAY ,4/2/2022,SAT,672,A,368,A,238,A,188,A,167,A,353,A,635,A,1069,A,1529,A,2151,A,2732,A,3233,A,3690,A,3776,A,3920,A,3647,A,3563,A,3321,A,3314,A,3110,A,2556,A,2304,A,1743,A,1094,A,"49,373"
4,SCL,237 , ,9.335,B,E,JCT. RTE. 880- NIMITZ FREEWAY ,4/3/2022,SUN,628,A,347,A,262,A,117,A,107,A,225,A,444,A,701,A,992,A,1643,A,2394,A,3060,A,3322,A,3585,A,3500,A,3351,A,3118,A,2995,A,2869,A,2366,A,2018,A,1816,A,1129,A,646,A,"41,635"
4,SCL,237 , ,9.335,B,E,JCT. RTE. 880- NIMITZ FREEWAY ,4/4/2022,MON,318,A,147,A,131,A,150,A,232,A,556,A,1044,A,1715,A,2158,A,1796,A,1963,A,2222,A,2715,A,3261,A,4140,A,4236,A,4267,A,4354,A,3375,A,2511,A,2039,A,1620,A,1126,A,691,A,"46,767"
4,SCL,237 , ,9.335,B,E,JCT. RTE. 880- NIMITZ FREEWAY ,4/5/2022,TUE,391,A,189,A,179,A,150,A,254,A,639,A,1085,A,1793,A,2157,A,1830,A,1939,A,2282,A,2758,A,3296,A,4250,A,4631,A,4465,A,4455,A,3786,A,3074,A,2393,A,1842,A,1304,A,805,A,"49,947"
4,SCL,237 , ,9.335,B,E,JCT. RTE. 880- NIMITZ FREEWAY ,4/6/2022,WED,395,A,205,A,187,A,169,A,264,A,629,A,1088,A,1696,A,2058,A,2017,A,1966,A,2446,A,2774,A,3337,A,4203,A,4662,A,4349,A,4510,A,3921,A,3087,A,2506,A,1991,A,1391,A,802,A,"50,653"
4,SCL,237 , ,9.335,B,E,JCT. RTE. 880- NIMITZ FREEWAY ,4/7/2022,THU,414,A,222,A,167,A,158,A,289,A,640,A,1122,A,1759,A,2137,A,1922,A,2036,A,2427,A,2892,A,3484,A,3822,A,3961,A,4492,A,4435,A,3820,A,3146,A,2631,A,2261,A,1538,A,931,A,"50,706"
4,SCL,237 , ,9.335,B,E,JCT. RTE. 880- NIMITZ FREEWAY ,4/8/2022,FRI,437,A,241,A,199,A,189,A,296,A,602,A,1065,A,1662,A,2070,A,1986,A,2235,A,2690,A,3172,A,3804,A,4376,A,4222,A,4163,A,3884,A,3381,A,3066,A,2830,A,2566,A,1875,A,1107,A,"52,118"
4,SCL,237 , ,9.335,B,E,JCT. RTE. 880- NIMITZ FREEWAY ,4/9/2022,SAT,632,A,375,A,264,A,192,A,180,A,392,A,704,A,1096,A,1651,A,2269,A,2715,A,3255,A,3674,A,3798,A,3721,A,3446,A,3443,A,3256,A,3430,A,2927,A,2627,A,2222,A,1778,A,1167,A,"49,214"
4,SCL,237 , ,9.335,B,E,JCT. RTE. 880- NIMITZ FREEWAY ,4/10/2022,SUN,663,A,343,A,230,A,126,A,125,A,239,A,471,A,765,A,1052,A,1748,A,2361,A,3047,A,3481,A,3729,A,3399,A,3189,A,3056,A,2834,A,2855,A,2515,A,2021,A,1674,A,1164,A,558,A,"41,645"
4,SCL,237 , ,9.335,B,E,JCT. RTE. 880- NIMITZ FREEWAY ,4/11/2022,MON,348,A,121,A,126,A,146,A,226,A,643,A,1002,A,1519,A,1887,A,1688,A,1741,A,2123,A,2589,A,3063,A,4057,A,4060,A,3982,A,4241,A,3108,A,2518,A,2116,A,1640,A,1068,A,715,A,"44,727"
4,SCL,237 , ,9.335,B,E,JCT. RTE. 880- NIMITZ FREEWAY ,4/12/2022,TUE,399,A,226,A,156,A,170,A,260,A,633,A,1062,A,1678,A,2012,A,1815,A,1884,A,2311,A,2889,A,3242,A,4196,A,4510,A,4596,A,4812,A,3929,A,2983,A,2328,A,1768,A,1244,A,768,A,"49,871"
4,SCL,237 , ,9.335,B,E,JCT. RTE. 880- NIMITZ FREEWAY ,4/13/2022,WED,407,A,223,A,175,A,155,A,272,A,625,A,1088,A,1716,A,2074,A,1767,A,1987,A,2438,A,2935,A,3386,A,4212,A,4627,A,4693,A,4597,A,3899,A,3083,A,2556,A,1973,A,1322,A,805,A,"51,015"
4,SCL,237 , ,9.335,B,E,JCT. RTE. 880- NIMITZ FREEWAY ,4/14/2022,THU,461,A,258,A,176,A,170,A,295,A,630,A,1101,A,1798,A,1978,A,1843,A,1995,A,2506,A,3067,A,3405,A,4068,A,4468,A,4575,A,4376,A,3860,A,2940,A,2491,A,1932,A,1450,A,818,A,"50,661"
4,SCL,237 , ,9.335,B,E,JCT. RTE. 880- NIMITZ FREEWAY ,4/15/2022,FRI,485,A,252,A,190,A,169,A,266,A,599,A,1066,A,1539,A,1888,A,1995,A,2223,A,2760,A,3360,A,3768,A,4215,A,4025,A,4014,A,4017,A,3601,A,3096,A,2780,A,2470,A,1906,A,1143,A,"51,827"
4,SCL,237 , ,9.335,B,E,JCT. RTE. 880- NIMITZ FREEWAY ,4/16/2022,SAT,723,A,380,A,256,A,181,A,181,A,302,A,553,A,747,A,1287,A,1751,A,2442,A,3042,A,3427,A,3658,A,3802,A,3511,A,3272,A,3094,A,3054,A,2797,A,2578,A,2155,A,1751,A,1134,A,"46,078"
4,SCL,237 , ,9.335,B,E,JCT. RTE. 880- NIMITZ FREEWAY ,4/17/2022,SUN,616,A,295,A,239,A,129,A,137,A,222,A,454,A,687,A,929,A,1766,A,2371,A,3142,A,3355,A,3814,A,3150,A,2993,A,2841,A,2634,A,2596,A,2390,A,1896,A,1621,A,1167,A,575,A,"40,019"
4,SCL,237 , ,9.335,B,E,JCT. RTE. 880- NIMITZ FREEWAY ,4/18/2022,MON,290,A,138,A,100,A,124,A,242,A,576,A,1022,A,1588,A,1915,A,1683,A,1755,A,2223,A,2660,A,3034,A,3998,A,4190,A,3983,A,4056,A,3131,A,2424,A,2033,A,1508,A,1194,A,693,A,"44,560"
4,SCL,237 , ,9.335,B,E,JCT. RTE. 880- NIMITZ FREEWAY ,4/19/2022,TUE,420,A,207,A,158,A,164,A,249,A,613,A,1076,A,1659,A,2056,A,1750,A,1981,A,2222,A,2743,A,3153,A,4119,A,4423,A,4356,A,4655,A,3705,A,2972,A,2533,A,1990,A,1409,A,827,A,"49,440"
4,SCL,237 , ,9.335,B,E,JCT. RTE. 880- NIMITZ FREEWAY ,4/20/2022,WED,407,A,203,A,179,A,169,A,292,A,648,A,1056,A,1706,A,2052,A,1902,A,1937,A,2422,A,2932,A,3391,A,4110,A,4509,A,4398,A,4504,A,3613,A,2944,A,2419,A,2038,A,1350,A,822,A,"50,003"
4,SCL,237 , ,9.335,B,E,JCT. RTE. 880- NIMITZ FREEWAY ,4/21/2022,THU,439,A,265,A,227,A,170,A,263,A,583,A,1028,A,1601,A,2087,A,1779,A,1888,A,2393,A,2809,A,3250,A,4101,A,4201,A,4352,A,4734,A,3639,A,2865,A,2379,A,1886,A,1461,A,966,A,"49,366"
4,SCL,237 , ,9.335,B,E,JCT. RTE. 880- NIMITZ FREEWAY ,4/22/2022,FRI,440,A,252,A,209,A,156,A,302,A,597,A,1035,A,1591,A,2041,A,1927,A,2152,A,2624,A,3132,A,3719,A,3376,A,4509,A,4006,A,3993,A,3502,A,3031,A,2788,A,2434,A,1871,A,1236,A,"50,923"
4,SCL,237 , ,9.335,B,E,JCT. RTE. 880- NIMITZ FREEWAY ,4/23/2022,SAT,705,A,374,A,365,A,182,A,212,A,406,A,696,A,1095,A,1613,A,2142,A,2754,A,3168,A,3659,A,3823,A,3988,A,3919,A,3610,A,3644,A,3455,A,3154,A,2791,A,2362,A,1787,A,1158,A,"51,062"
4,SCL,237 , ,9.335,B,E,JCT. RTE. 880- NIMITZ FREEWAY ,4/24/2022,SUN,608,A,338,A,225,A,177,A,143,A,269,A,446,A,691,A,1039,A,1707,A,2432,A,3060,A,3678,A,3742,A,3494,A,3500,A,3235,A,3205,A,2948,A,2622,A,2143,A,1906,A,1151,A,715,A,"43,474"
4,SCL,237 , ,9.335,B,E,JCT. RTE. 880- NIMITZ FREEWAY ,4/25/2022,MON,355,A,203,A,130,A,150,A,276,A,646,A,1031,A,1661,A,2150,A,1732,A,1755,C,2223,C,2660,C,3034,C,3998,C,4190,C,3983,C,4056,C,3131,C,2424,C,2033,C,1508,C,1194,C,693,C,"45,216"
4,SCL,237 , ,9.335,B,E,JCT. RTE. 880- NIMITZ FREEWAY ,7/5/2022,TUE,570,A,234,A,147,A,134,A,242,A,532,A,962,A,1574,A,2148,A,1883,A,2084,A,2415,A,2745,A,3135,A,4043,A,4050,A,3838,A,3880,A,3291,A,2512,A,2134,A,1766,A,1260,A,792,A,"46,371"
4,SCL,237 , ,9.335,B,E,JCT. RTE. 880- NIMITZ FREEWAY ,7/6/2022,WED,458,A,241,A,178,A,172,A,268,A,582,A,1133,A,1735,A,2292,A,2045,A,2104,A,2444,A,2876,A,3308,A,4336,A,4367,A,4312,A,4344,A,3751,A,2957,A,2511,A,1957,A,1449,A,754,A,"50,574"
4,SCL,237 , ,9.335,B,E,JCT. RTE. 880- NIMITZ FREEWAY ,7/7/2022,THU,490,A,226,A,177,A,175,A,294,A,640,A,1123,A,1758,A,2253,A,1989,A,2140,A,2526,A,2820,A,3384,A,4508,A,4390,A,4564,A,4418,A,3883,A,3150,A,2614,A,2171,A,1522,A,955,A,"52,170"
4,SCL,237 , ,9.335,B,E,JCT. RTE. 880- NIMITZ FREEWAY ,7/8/2022,FRI,530,A,291,A,164,A,178,A,297,A,628,A,1135,A,1606,A,2161,A,2017,A,2264,A,2742,A,3234,A,3453,A,4403,A,4392,A,4234,A,4104,A,3560,A,3163,A,2917,A,2511,A,1935,A,1301,A,"53,220"
4,SCL,237 , ,9.335,B,E,JCT. RTE. 880- NIMITZ FREEWAY ,7/9/2022,SAT,724,A,437,A,316,A,180,A,220,A,402,A,687,A,1092,A,1573,A,1980,A,2536,A,3060,A,3519,A,3589,A,3477,A,3255,A,3319,A,3175,A,3140,A,2854,A,2593,A,2355,A,2032,A,1297,A,"47,812"
4,SCL,237 , ,9.335,B,E,JCT. RTE. 880- NIMITZ FREEWAY ,7/10/2022,SUN,925,A,447,A,250,A,160,A,162,A,254,A,398,A,699,A,1008,A,1541,A,2208,A,2904,A,3314,A,3552,A,3245,A,2920,A,2855,A,2683,A,2614,A,2493,A,2214,A,2116,A,1564,A,1012,A,"41,538"
4,SCL,237 , ,9.335,B,E,JCT. RTE. 880- NIMITZ FREEWAY ,7/11/2022,MON,498,A,177,A,137,A,141,A,264,A,621,A,1052,A,1721,A,2192,A,1985,A,1916,A,2303,A,2634,A,3134,A,4264,A,4316,A,4362,A,4410,A,3538,A,2726,A,2333,A,1805,A,1240,A,739,A,"48,508"
4,SCL,237 , ,9.335,B,E,JCT. RTE. 880- NIMITZ FREEWAY ,7/12/2022,TUE,477,A,233,A,177,A,155,A,302,A,596,A,1152,A,1773,A,2278,A,1934,A,2008,A,2349,A,2800,A,3347,A,4541,A,4387,A,4475,A,4687,A,4172,A,3209,A,2549,A,2094,A,1402,A,814,A,"51,911"
4,SCL,237 , ,9.335,B,E,JCT. RTE. 880- NIMITZ FREEWAY ,7/13/2022,WED,537,A,297,A,162,A,190,A,274,A,653,A,1124,A,1796,A,2300,A,2021,A,2080,A,2330,A,2736,A,3442,A,4521,A,4366,A,4439,A,4539,A,4062,A,3304,A,2982,A,2210,A,1580,A,862,A,"52,807"
4,SCL,237 , ,9.335,B,E,JCT. RTE. 880- NIMITZ FREEWAY ,7/14/2022,THU,496,A,300,A,192,A,179,A,319,A,621,A,1160,A,1765,A,2253,C,1989,C,2140,C,2526,C,2820,C,3384,C,4508,C,4390,C,4564,C,4418,C,3883,C,3150,C,2614,C,2171,C,1522,C,955,C,"52,319"
4,SCL,237 , ,9.335,B,W,JCT. RTE. 880- NIMITZ FREEWAY ,10/1/2021,FRI,379,A,225,A,238,A,498,A,1601,A,3524,A,3839,A,4139,A,3936,A,3549,A,3256,A,3242,A,3110,A,3181,A,3300,A,3270,A,3365,A,3796,A,3670,A,2665,A,2146,A,1814,A,1516,A,1098,A,"61,357"
4,SCL,237 , ,9.335,B,W,JCT. RTE. 880- NIMITZ FREEWAY ,10/2/2021,SAT,690,A,455,A,270,A,278,A,445,A,1086,A,1463,A,1730,A,2164,A,2613,A,2992,A,3492,A,3617,A,3652,A,3493,A,3409,A,3384,A,3511,A,3759,A,3403,A,2631,A,2082,A,1817,A,1262,A,"53,698"
4,SCL,237 , ,9.335,B,W,JCT. RTE. 880- NIMITZ FREEWAY ,10/3/2021,SUN,855,A,447,A,273,A,223,A,296,A,631,A,1087,A,1248,A,2228,A,3370,A,3900,A,4551,A,4217,A,3344,A,3226,A,2883,A,2859,A,2754,A,3205,A,2929,A,2465,A,1766,A,1242,A,644,A,"50,643"
4,SCL,237 , ,9.335,B,W,JCT. RTE. 880- NIMITZ FREEWAY ,10/4/2021,MON,350,A,208,A,221,A,482,A,1745,A,3725,A,4022,A,4291,A,4011,A,3653,A,2989,A,2680,A,2731,A,2898,A,2911,A,2714,A,3045,A,3341,A,2732,A,2036,A,1593,A,1181,A,924,A,479,A,"54,962"
4,SCL,237 , ,9.335,B,W,JCT. RTE. 880- NIMITZ FREEWAY ,10/5/2021,TUE,259,A,188,A,206,A,538,A,1776,A,3823,A,4279,A,4414,A,4191,A,3591,A,3183,A,2861,A,2898,A,3020,A,3073,A,2908,A,2998,A,3431,A,3228,A,2385,A,1612,A,1258,A,1006,A,567,A,"57,693"
4,SCL,237 , ,9.335,B,W,JCT. RTE. 880- NIMITZ FREEWAY ,10/6/2021,WED,292,A,184,A,204,A,550,A,1707,A,3852,A,4189,A,4451,A,4141,A,3655,A,3418,A,3111,A,3042,A,3026,A,3181,A,3011,A,3221,A,3189,A,3067,A,2398,A,1610,A,1330,A,1049,A,593,A,"58,471"
4,SCL,237 , ,9.335,B,W,JCT. RTE. 880- NIMITZ FREEWAY ,10/7/2021,THU,288,A,202,A,245,A,515,A,1699,A,3853,A,4202,A,4411,A,4262,A,3575,A,3208,A,3018,A,3005,A,3103,A,3210,A,3058,A,3413,A,3881,A,3387,A,2317,A,1691,A,1519,A,1079,A,591,A,"59,732"
4,SCL,237 , ,9.335,B,W,JCT. RTE. 880- NIMITZ FREEWAY ,10/8/2021,FRI,347,A,237,A,243,A,455,A,1605,A,3521,A,3734,A,4038,A,3991,A,3422,A,3159,A,3199,A,3284,A,3297,A,3270,A,3247,A,3655,A,3865,A,3777,A,3234,A,2326,A,1783,A,1527,A,1012,A,"62,228"
4,SCL,237 , ,9.335,B,W,JCT. RTE. 880- NIMITZ FREEWAY ,10/9/2021,SAT,714,A,381,A,297,A,260,A,493,A,1046,A,1370,A,1706,A,2214,A,2643,A,3159,A,3356,A,3308,A,3612,A,3604,A,3688,A,3647,A,3793,A,4170,A,3684,A,2735,A,2193,A,1953,A,1365,A,"55,391"
4,SCL,237 , ,9.335,B,W,JCT. RTE. 880- NIMITZ FREEWAY ,10/10/2021,SUN,802,A,365,A,261,A,180,A,284,A,569,A,819,A,1023,A,1599,A,2462,A,2663,A,3148,A,3133,A,3279,A,3195,A,3055,A,3010,A,3169,A,3340,A,3038,A,2414,A,1969,A,1229,A,726,A,"45,732"
4,SCL,237 , ,9.335,B,W,JCT. RTE. 880- NIMITZ FREEWAY ,10/11/2021,MON,405,A,227,A,190,A,484,A,1621,A,3456,A,3769,A,4004,A,3800,A,3653,C,2989,C,2680,C,2731,C,2898,C,2911,C,2714,C,3045,C,3341,C,2732,C,2036,C,1593,C,1181,C,924,C,479,C,"53,863"
4,SCL,237 , ,9.335,B,W,JCT. RTE. 880- NIMITZ FREEWAY ,1/4/2022,TUE,, ,, ,, ,, ,, ,, ,, ,, ,, ,, ,2756,A,2505,A,2570,A,2804,A,2801,A,2546,A,2622,A,3063,A,2445,A,1587,A,1213,A,1013,A,727,A,429,A,"29,081"
4,SCL,237 , ,9.335,B,W,JCT. RTE. 880- NIMITZ FREEWAY ,1/5/2022,WED,253,A,157,A,174,A,439,A,1490,A,3446,A,3788,A,3743,A,3659,A,3220,A,2839,A,2579,A,2502,A,2838,A,2650,A,2571,A,2613,A,2962,A,2448,A,1744,A,1314,A,1056,A,860,A,461,A,"49,806"
4,SCL,237 , ,9.335,B,W,JCT. RTE. 880- NIMITZ FREEWAY ,1/6/2022,THU,262,A,165,A,194,A,500,A,1444,A,3476,A,3779,A,3702,A,3587,A,3161,A,2842,A,2675,A,2714,A,2843,A,2884,A,2652,A,2789,A,3070,A,2586,A,1748,A,1276,A,1111,A,782,A,474,A,"50,716"
4,SCL,237 , ,9.335,B,W,JCT. RTE. 880- NIMITZ FREEWAY ,1/7/2022,FRI,261,A,166,A,185,A,415,A,1302,A,3140,A,3469,A,3522,A,3279,A,3033,A,2785,A,2603,A,2797,A,3028,A,2835,A,2726,A,2763,A,3095,A,2671,A,2032,A,1566,A,1308,A,1011,A,623,A,"50,615"
4,SCL,237 , ,9.335,B,W,JCT. RTE. 880- NIMITZ FREEWAY ,1/8/2022,SAT,364,A,215,A,174,A,217,A,403,A,905,A,1244,A,1442,A,1780,A,2078,A,2495,A,2665,A,2917,A,3052,A,3186,A,3073,A,3165,A,3077,A,2609,A,2029,A,1644,A,1492,A,1195,A,682,A,"42,103"
4,SCL,237 , ,9.335,B,W,JCT. RTE. 880- NIMITZ FREEWAY ,1/9/2022,SUN,394,A,237,A,177,A,151,A,232,A,557,A,836,A,863,A,1159,A,1780,A,2041,A,2525,A,2678,A,2751,A,2675,A,2646,A,2705,A,2686,A,2194,A,2034,A,1541,A,1292,A,868,A,439,A,"35,461"
4,SCL,237 , ,9.335,B,W,JCT. RTE. 880- NIMITZ FREEWAY ,1/10/2022,MON,235,A,181,A,170,A,459,A,1522,A,3423,A,3819,A,3794,A,3582,A,3079,A,2614,A,2532,A,2614,A,2755,A,2705,A,2486,A,2622,A,2813,A,2280,A,1676,A,1169,A,962,A,721,A,409,A,"48,622"
4,SCL,237 , ,9.335,B,W,JCT. RTE. 880- NIMITZ FREEWAY ,1/11/2022,TUE,237,A,165,A,148,A,467,A,1539,A,3367,A,3816,A,3967,A,3779,A,3190,A,2877,A,2571,A,2595,A,2818,A,2782,A,2613,A,2681,A,3093,A,2475,A,1679,A,1255,A,1010,A,741,A,447,A,"50,312"
4,SCL,237 , ,9.335,B,W,JCT. RTE. 880- NIMITZ FREEWAY ,1/12/2022,WED,210,A,153,A,165,A,478,A,1533,A,3391,A,3791,A,3958,A,3713,A,3220,C,2839,C,2579,C,2502,C,2838,C,2650,C,2571,C,2613,C,2962,C,2448,C,1744,C,1314,C,1056,C,860,C,461,C,"50,049"
4,SCL,237 , ,9.335,B,W,JCT. RTE. 880- NIMITZ FREEWAY ,4/1/2022,FRI,338,A,233,A,238,A,504,A,1297,A,3739,A,4112,A,4254,A,4258,A,3589,A,3119,A,3206,A,3316,A,3376,A,3410,A,3407,A,3521,A,3655,A,3394,A,2822,A,2364,A,1939,A,1426,A,961,A,"62,478"
4,SCL,237 , ,9.335,B,W,JCT. RTE. 880- NIMITZ FREEWAY ,4/2/2022,SAT,657,A,358,A,219,A,241,A,433,A,1097,A,1356,A,1791,A,2101,A,2696,A,3084,A,3413,A,3762,A,3755,A,3729,A,3478,A,3403,A,3389,A,3293,A,2894,A,2509,A,2114,A,1630,A,1121,A,"52,523"
4,SCL,237 , ,9.335,B,W,JCT. RTE. 880- NIMITZ FREEWAY ,4/3/2022,SUN,662,A,350,A,254,A,170,A,256,A,630,A,884,A,1066,A,1766,A,2496,A,2780,A,3276,A,3227,A,3460,A,3367,A,3166,A,3044,A,3054,A,3097,A,2843,A,2255,A,1933,A,1238,A,628,A,"45,902"
4,SCL,237 , ,9.335,B,W,JCT. RTE. 880- NIMITZ FREEWAY ,4/4/2022,MON,298,A,186,A,219,A,509,A,1694,A,3929,A,4263,A,4373,A,4320,A,3647,A,3215,A,2783,A,2820,A,3093,A,2971,A,2780,A,3111,A,3418,A,2692,A,2019,A,1618,A,1288,A,912,A,522,A,"56,680"
4,SCL,237 , ,9.335,B,W,JCT. RTE. 880- NIMITZ FREEWAY ,4/5/2022,TUE,289,A,180,A,214,A,515,A,1646,A,4113,A,4559,A,4511,A,3977,A,3796,A,3463,A,3049,A,3010,A,2914,A,3102,A,2890,A,3147,A,3525,A,2955,A,2260,A,1726,A,1418,A,939,A,568,A,"58,766"
4,SCL,237 , ,9.335,B,W,JCT. RTE. 880- NIMITZ FREEWAY ,4/6/2022,WED,304,A,187,A,201,A,519,A,1741,A,4103,A,4561,A,4625,A,3306,A,3587,A,3074,A,2987,A,2863,A,3130,A,3265,A,2882,A,3148,A,3517,A,2888,A,2347,A,1743,A,1437,A,1075,A,591,A,"58,081"
4,SCL,237 , ,9.335,B,W,JCT. RTE. 880- NIMITZ FREEWAY ,4/7/2022,THU,295,A,192,A,223,A,565,A,1662,A,4095,A,3415,A,4113,A,4116,A,3814,A,3823,A,3432,A,3143,A,3320,A,3206,A,3031,A,3126,A,3682,A,2954,A,2286,A,1957,A,1461,A,1207,A,642,A,"59,760"
4,SCL,237 , ,9.335,B,W,JCT. RTE. 880- NIMITZ FREEWAY ,4/8/2022,FRI,353,A,210,A,218,A,476,A,1593,A,3736,A,4076,A,4291,A,3999,A,3556,A,3227,A,3351,A,3178,A,3241,A,3251,A,3172,A,3443,A,3567,A,3422,A,2819,A,2339,A,1950,A,1471,A,935,A,"61,874"
4,SCL,237 , ,9.335,B,W,JCT. RTE. 880- NIMITZ FREEWAY ,4/9/2022,SAT,536,A,298,A,248,A,236,A,476,A,1140,A,1396,A,1789,A,2386,A,2794,A,3173,A,3371,A,3585,A,3573,A,3608,A,3329,A,3286,A,3299,A,3409,A,3004,A,2581,A,2120,A,1713,A,1201,A,"52,551"
4,SCL,237 , ,9.335,B,W,JCT. RTE. 880- NIMITZ FREEWAY ,4/10/2022,SUN,579,A,360,A,270,A,201,A,272,A,594,A,869,A,1162,A,1887,A,2609,A,2747,A,3352,A,3290,A,3477,A,3362,A,3181,A,3087,A,3198,A,3064,A,2816,A,2262,A,1843,A,1239,A,661,A,"46,382"
4,SCL,237 , ,9.335,B,W,JCT. RTE. 880- NIMITZ FREEWAY ,4/11/2022,MON,308,A,200,A,202,A,503,A,1677,A,4048,A,4224,A,4073,A,3866,A,3511,A,3170,A,2764,A,2868,A,2841,A,2982,A,2753,A,2918,A,3231,A,2541,A,1958,A,1555,A,1195,A,894,A,492,A,"54,774"
4,SCL,237 , ,9.335,B,W,JCT. RTE. 880- NIMITZ FREEWAY ,4/12/2022,TUE,294,A,190,A,199,A,488,A,1789,A,4208,A,4542,A,4612,A,3919,A,3809,A,3542,A,3126,A,3082,A,3061,A,3016,A,2883,A,3068,A,3592,A,2888,A,2256,A,1621,A,1359,A,969,A,651,A,"59,164"
4,SCL,237 , ,9.335,B,W,JCT. RTE. 880- NIMITZ FREEWAY ,4/13/2022,WED,334,A,212,A,226,A,524,A,1710,A,4241,A,4545,A,4636,A,4482,A,4168,A,3547,A,3394,A,3360,A,3169,A,3132,A,2908,A,3211,A,3579,A,2897,A,2356,A,1775,A,1440,A,1071,A,586,A,"61,503"
4,SCL,237 , ,9.335,B,W,JCT. RTE. 880- NIMITZ FREEWAY ,4/14/2022,THU,336,A,234,A,234,A,494,A,1705,A,4032,A,4495,A,4570,A,4342,A,3989,A,3516,A,3257,A,3138,A,3234,A,3167,A,2881,A,3081,A,3543,A,3034,A,2315,A,1756,A,1475,A,1100,A,631,A,"60,559"
4,SCL,237 , ,9.335,B,W,JCT. RTE. 880- NIMITZ FREEWAY ,4/15/2022,FRI,321,A,206,A,203,A,437,A,1457,A,3491,A,3773,A,3909,A,3680,A,3645,A,3435,A,3358,A,3481,A,3301,A,3280,A,3140,A,3290,A,3714,A,3410,A,2955,A,2247,A,1977,A,1530,A,954,A,"61,194"
4,SCL,237 , ,9.335,B,W,JCT. RTE. 880- NIMITZ FREEWAY ,4/16/2022,SAT,583,A,345,A,226,A,225,A,398,A,1007,A,1115,A,1338,A,1699,A,2222,A,2706,A,3042,A,3379,A,3448,A,3347,A,3168,A,3070,A,3210,A,3131,A,2812,A,2436,A,2129,A,1677,A,1205,A,"47,918"
4,SCL,237 , ,9.335,B,W,JCT. RTE. 880- NIMITZ FREEWAY ,4/17/2022,SUN,637,A,351,A,245,A,191,A,265,A,619,A,737,A,911,A,1426,A,2415,A,2716,A,3193,A,3207,A,3277,A,3291,A,2990,A,2987,A,3055,A,3053,A,2979,A,2551,A,2064,A,1514,A,685,A,"45,359"
4,SCL,237 , ,9.335,B,W,JCT. RTE. 880- NIMITZ FREEWAY ,4/18/2022,MON,339,A,188,A,214,A,466,A,1649,A,3935,A,4328,A,4289,A,3992,A,3612,A,2985,A,2954,A,2702,A,2920,A,2965,A,2756,A,3059,A,3451,A,2733,A,1939,A,1574,A,1334,A,1004,A,539,A,"55,927"
4,SCL,237 , ,9.335,B,W,JCT. RTE. 880- NIMITZ FREEWAY ,4/19/2022,TUE,290,A,178,A,236,A,487,A,1745,A,3951,A,4431,A,4270,A,4237,A,4074,A,3737,A,2846,A,2660,A,3089,A,3056,A,2957,A,3112,A,3585,A,2788,A,2271,A,1841,A,1447,A,1000,A,623,A,"58,911"
4,SCL,237 , ,9.335,B,W,JCT. RTE. 880- NIMITZ FREEWAY ,4/20/2022,WED,305,A,187,A,237,A,501,A,1754,A,4104,A,4594,A,4596,A,4241,A,3890,A,3552,A,3221,A,3253,A,3206,A,3096,A,3001,A,3159,A,3660,A,2975,A,2415,A,1709,A,1509,A,1050,A,600,A,"60,815"
4,SCL,237 , ,9.335,B,W,JCT. RTE. 880- NIMITZ FREEWAY ,4/21/2022,THU,295,A,211,A,238,A,484,A,1634,A,3763,A,4352,A,4202,A,4167,A,3917,A,3457,A,3053,A,3118,A,3005,A,2984,A,2778,A,3205,A,3622,A,3006,A,2236,A,1720,A,1498,A,1085,A,585,A,"58,615"
4,SCL,237 , ,9.335,B,W,JCT. RTE. 880- NIMITZ FREEWAY ,4/22/2022,FRI,295,A,210,A,210,A,493,A,1620,A,3804,A,3951,A,3828,A,3925,A,3364,A,3246,A,3310,A,3274,A,3338,A,3197,A,3136,A,3294,A,3503,A,3285,A,3045,A,2254,A,1957,A,1540,A,996,A,"61,075"
4,SCL,237 , ,9.335,B,W,JCT. RTE. 880- NIMITZ FREEWAY ,4/23/2022,SAT,581,A,336,A,261,A,255,A,519,A,1192,A,1437,A,1744,A,2348,A,2949,A,3265,A,3402,A,3679,A,3719,A,3584,A,3490,A,3291,A,3455,A,3515,A,3104,A,2492,A,2331,A,1853,A,1154,A,"53,956"
4,SCL,237 , ,9.335,B,W,JCT. RTE. 880- NIMITZ FREEWAY ,4/24/2022,SUN,678,A,390,A,247,A,206,A,275,A,612,A,865,A,1183,A,1658,A,2518,A,2835,A,3320,A,3545,A,3508,A,3381,A,3256,A,2989,A,3210,A,3155,A,2805,A,2392,A,1918,A,1286,A,704,A,"46,936"
4,SCL,237 , ,9.335,B,W,JCT. RTE. 880- NIMITZ FREEWAY ,4/25/2022,MON,310,A,169,A,229,A,520,A,1832,A,3981,A,4449,A,4602,A,4390,A,3859,A,2985,C,2954,C,2702,C,2920,C,2965,C,2756,C,3059,C,3451,C,2733,C,1939,C,1574,C,1334,C,1004,C,539,C,"57,256"
4,SCL,237 , ,9.335,B,W,JCT. RTE. 880- NIMITZ FREEWAY ,7/5/2022,TUE,610,A,290,A,204,A,425,A,1381,A,3436,A,3929,A,4090,A,3796,A,3627,A,3324,A,2921,A,2964,A,2989,A,2971,A,2854,A,2939,A,3362,A,2859,A,2021,A,1799,A,1565,A,1090,A,598,A,"56,044"
4,SCL,237 , ,9.335,B,W,JCT. RTE. 880- NIMITZ FREEWAY ,7/6/2022,WED,361,A,208,A,238,A,475,A,1585,A,4052,A,4288,A,4291,A,4033,A,4149,A,3389,A,3173,A,3247,A,3214,A,3111,A,2935,A,3167,A,3520,A,3071,A,2153,A,1746,A,1558,A,1172,A,681,A,"59,817"
4,SCL,237 , ,9.335,B,W,JCT. RTE. 880- NIMITZ FREEWAY ,7/7/2022,THU,300,A,219,A,230,A,420,A,1605,A,3992,A,4299,A,4273,A,4261,A,4225,A,3370,A,2595,A,3099,A,3172,A,3047,A,2972,A,3074,A,3562,A,3065,A,2348,A,1862,A,1652,A,1241,A,767,A,"59,650"
4,SCL,237 , ,9.335,B,W,JCT. RTE. 880- NIMITZ FREEWAY ,7/8/2022,FRI,400,A,256,A,229,A,414,A,1459,A,3791,A,4124,A,3881,A,3709,A,3571,A,3340,A,3215,A,3260,A,3252,A,3083,A,3103,A,3238,A,3563,A,3286,A,2752,A,2316,A,2011,A,1646,A,1074,A,"60,973"
4,SCL,237 , ,9.335,B,W,JCT. RTE. 880- NIMITZ FREEWAY ,7/9/2022,SAT,601,A,377,A,258,A,250,A,464,A,1182,A,1361,A,1611,A,2216,A,2667,A,3161,A,3266,A,3566,A,3697,A,3662,A,3611,A,3429,A,3315,A,3297,A,2842,A,2428,A,2347,A,1930,A,1276,A,"52,814"
4,SCL,237 , ,9.335,B,W,JCT. RTE. 880- NIMITZ FREEWAY ,7/10/2022,SUN,829,A,447,A,286,A,220,A,277,A,599,A,836,A,950,A,1551,A,2311,A,2820,A,3028,A,3188,A,3414,A,3398,A,3255,A,3351,A,3198,A,3067,A,2612,A,2375,A,2008,A,1637,A,859,A,"46,516"
4,SCL,237 , ,9.335,B,W,JCT. RTE. 880- NIMITZ FREEWAY ,7/11/2022,MON,433,A,250,A,232,A,428,A,1681,A,4071,A,4407,A,4424,A,4327,A,4014,A,3683,A,3010,A,2883,A,2911,A,2932,A,2773,A,2894,A,3352,A,2870,A,2094,A,1391,A,1458,A,1052,A,596,A,"58,166"
4,SCL,237 , ,9.335,B,W,JCT. RTE. 880- NIMITZ FREEWAY ,7/12/2022,TUE,292,A,223,A,200,A,470,A,1671,A,4121,A,3363,A,4253,A,4374,A,3743,A,3144,A,3176,A,3096,A,3132,A,2920,A,2831,A,3079,A,3335,A,2807,A,2225,A,1813,A,1603,A,1172,A,686,A,"57,729"
4,SCL,237 , ,9.335,B,W,JCT. RTE. 880- NIMITZ FREEWAY ,7/13/2022,WED,394,A,226,A,244,A,429,A,1589,A,3994,A,4470,A,4518,A,3515,A,3863,A,3696,A,3450,A,3298,A,3011,A,3092,A,2949,A,3100,A,3566,A,3187,A,2443,A,1966,A,1660,A,1176,A,710,A,"60,546"
4,SCL,237 , ,9.335,B,W,JCT. RTE. 880- NIMITZ FREEWAY ,7/14/2022,THU,337,A,228,A,247,A,478,A,1714,A,4107,A,4600,A,4263,A,4261,C,4225,C,3370,C,2595,C,3099,C,3172,C,3047,C,2972,C,3074,C,3562,C,3065,C,2348,C,1862,C,1652,C,1241,C,767,C,"60,286"
4,SCL,237 , ,8.020,A,E,"SAN JOSE, ZANKER ROAD INTERCHA",10/8/2024,TUE,, ,, ,, ,, ,, ,, ,, ,, ,, ,, ,, ,2491,A,3081,A,3877,A,4382,A,4382,A,4184,A,3717,A,3904,A,3662,A,2901,A,2016,A,1359,A,917,A,"40,873"
4,SCL,237 , ,8.020,A,E,"SAN JOSE, ZANKER ROAD INTERCHA",10/9/2024,WED,560,A,255,A,225,A,239,A,439,A,868,A,1518,A,2654,A,3147,A,2792,A,2460,A,2597,A,3211,A,3943,A,4397,A,4275,A,4309,A,3842,A,3622,A,3842,A,2937,A,1972,A,1330,A,868,A,"56,302"
4,SCL,237 , ,8.020,A,E,"SAN JOSE, ZANKER ROAD INTERCHA",10/10/2024,THU,505,A,252,A,232,A,277,A,462,A,932,A,1510,A,2505,A,3132,A,2757,A,2578,A,2918,A,3405,A,4031,A,4560,A,4431,A,4164,A,3698,A,3730,A,3901,A,2718,A,2053,A,1380,A,944,A,"57,075"
4,SCL,237 , ,8.020,A,E,"SAN JOSE, ZANKER ROAD INTERCHA",10/11/2024,FRI,531,A,307,A,265,A,247,A,422,A,884,A,1488,A,2234,A,2886,A,2571,A,2616,A,2940,A,3595,A,4013,A,4223,A,3591,A,3952,A,3993,A,3879,A,3581,A,2753,A,2292,A,2141,A,1369,A,"56,773"
4,SCL,237 , ,8.020,A,E,"SAN JOSE, ZANKER ROAD INTERCHA",10/12/2024,SAT,732,A,449,A,332,A,253,A,258,A,431,A,839,A,1356,A,1843,A,2526,A,2921,A,3476,A,3878,A,3519,A,3454,A,3578,A,3696,A,3736,A,3571,A,3208,A,2791,A,2569,A,2300,A,1490,A,"53,206"
4,SCL,237 , ,8.020,A,E,"SAN JOSE, ZANKER ROAD INTERCHA",10/13/2024,SUN,810,A,455,A,347,A,209,A,171,A,299,A,599,A,960,A,1349,A,2015,A,2675,A,3328,A,3389,A,3865,A,3395,A,3374,A,3280,A,3083,A,3140,A,2827,A,2387,A,2046,A,1389,A,758,A,"46,150"
4,SCL,237 , ,8.020,A,E,"SAN JOSE, ZANKER ROAD INTERCHA",10/14/2024,MON,391,A,251,A,164,A,200,A,332,A,881,A,1400,A,2303,A,2946,A,2574,A,2172,A,2552,A,2943,A,3458,A,4099,A,3863,A,3822,A,4037,A,3603,A,3142,A,2094,A,1536,A,1079,A,718,A,"50,560"
4,SCL,237 , ,8.020,A,E,"SAN JOSE, ZANKER ROAD INTERCHA",10/15/2024,TUE,425,A,205,A,215,A,231,A,372,A,918,A,1515,A,2547,A,3051,A,2653,A,2245,A,2482,A,3108,A,3758,A,4362,A,4427,A,4108,A,3660,A,3494,A,3930,A,2817,A,1894,A,1353,A,860,A,"54,630"
4,SCL,237 , ,8.020,A,E,"SAN JOSE, ZANKER ROAD INTERCHA",10/16/2024,WED,521,A,287,A,243,A,245,A,384,A,886,A,1520,A,2534,A,3146,A,2664,A,2508,A,2534,A,3210,A,3906,A,4388,A,4358,A,4305,A,4094,A,3945,A,3501,A,2669,A,1893,A,1455,A,913,A,"56,109"
4,SCL,237 , ,8.020,A,E,"SAN JOSE, ZANKER ROAD INTERCHA",10/17/2024,THU,491,A,254,A,231,A,247,A,390,A,937,A,1475,A,2513,A,3226,A,2701,A,2425,A,2653,A,3364,A,3938,A,4523,A,4389,A,4329,A,4002,A,3948,A,3830,A,2760,A,2049,A,1501,A,980,A,"57,156"
4,SCL,237 , ,8.020,A,E,"SAN JOSE, ZANKER ROAD INTERCHA",10/18/2024,FRI,557,A,296,A,255,A,258,A,424,A,910,A,1437,A,2369,A,2996,A,2708,A,2572,A,2235,A,0,A,4013,C,4223,C,3591,C,3952,C,3993,C,3879,C,3581,C,2753,C,2292,C,2141,C,1369,C,"52,804"
4,SCL,237 , ,8.020,A,E,"SAN JOSE, ZANKER ROAD INTERCHA",1/8/2025,WED,, ,, ,, ,, ,, ,, ,, ,, ,, ,, ,, ,2452,A,3140,A,3792,A,4250,A,4139,A,4188,A,3945,A,3881,A,3603,A,2601,A,1780,A,1268,A,817,A,"39,856"
4,SCL,237 , ,8.020,A,E,"SAN JOSE, ZANKER ROAD INTERCHA",1/9/2025,THU,512,A,265,A,195,A,209,A,427,A,907,A,1448,A,2508,A,3082,A,2686,A,2383,A,2659,A,3175,A,3723,A,4372,A,4189,A,4207,A,3881,A,3936,A,3613,A,2768,A,2008,A,1376,A,891,A,"55,420"
4,SCL,237 , ,8.020,A,E,"SAN JOSE, ZANKER ROAD INTERCHA",1/10/2025,FRI,489,A,258,A,215,A,228,A,411,A,882,A,1428,A,2226,A,2857,A,2726,A,2535,A,2863,A,3479,A,4036,A,3848,A,3981,A,4113,A,4036,A,3756,A,3283,A,2450,A,2040,A,1753,A,1164,A,"55,057"
4,SCL,237 , ,8.020,A,E,"SAN JOSE, ZANKER ROAD INTERCHA",1/11/2025,SAT,650,A,360,A,288,A,246,A,274,A,489,A,836,A,1235,A,1830,A,2320,A,2752,A,3270,A,3575,A,4109,A,3664,A,3591,A,3676,A,3986,A,3289,A,2503,A,2162,A,2060,A,1795,A,1131,A,"50,091"
4,SCL,237 , ,8.020,A,E,"SAN JOSE, ZANKER ROAD INTERCHA",1/12/2025,SUN,636,A,358,A,280,A,172,A,164,A,335,A,560,A,936,A,1236,A,1926,A,2582,A,3191,A,3214,A,3827,A,3300,A,3299,A,3130,A,3348,A,2824,A,2150,A,1766,A,1568,A,941,A,620,A,"42,363"
4,SCL,237 , ,8.020,A,E,"SAN JOSE, ZANKER ROAD INTERCHA",1/13/2025,MON,321,A,151,A,133,A,182,A,357,A,852,A,1424,A,2415,A,3067,A,2573,A,2233,A,2261,A,2793,A,3496,A,4291,A,4139,A,4251,A,3948,A,3870,A,3000,A,2182,A,1622,A,1184,A,779,A,"51,524"
4,SCL,237 , ,8.020,A,E,"SAN JOSE, ZANKER ROAD INTERCHA",1/14/2025,TUE,400,A,242,A,217,A,197,A,421,A,904,A,1489,A,2472,A,3028,A,2607,A,2362,A,2522,A,3177,A,3831,A,4411,A,4178,A,4068,A,3668,A,3681,A,3765,A,2953,A,2011,A,1334,A,864,A,"54,802"
4,SCL,237 , ,8.020,A,E,"SAN JOSE, ZANKER ROAD INTERCHA",1/15/2025,WED,505,A,257,A,219,A,227,A,450,A,902,A,1552,A,2604,A,3114,A,2792,A,2453,A,2736,A,3315,A,3876,A,4394,A,4279,A,3876,A,3596,A,3792,A,3765,A,2848,A,2193,A,1334,A,864,A,"55,943"
4,SCL,237 , ,8.020,A,E,"SAN JOSE, ZANKER ROAD INTERCHA",1/16/2025,THU,496,A,250,A,237,A,244,A,426,A,888,A,1556,A,2599,A,3152,A,2824,A,2435,A,2713,A,3374,A,4068,A,4361,A,4202,A,4074,A,3743,A,3976,A,3792,A,2780,A,2055,A,1430,A,919,A,"56,594"
4,SCL,237 , ,8.020,A,E,"SAN JOSE, ZANKER ROAD INTERCHA",1/17/2025,FRI,425,A,219,A,240,A,234,A,432,A,835,A,1400,A,2346,A,2896,A,1553,A,0,A,0,A,0,A,0,A,0,A,0,A,0,A,0,A,0,A,0,A,0,A,0,A,0,A,0,A,"10,580"
4,SCL,237 , ,8.020,A,E,"SAN JOSE, ZANKER ROAD INTERCHA",1/21/2025,TUE,0,A,0,A,0,A,0,A,0,A,0,A,0,A,0,A,0,A,0,A,0,A,0,A,0,A,0,A,4411,C,4178,C,4068,C,3668,C,3681,C,3765,C,2953,C,2011,C,1334,C,864,C,"30,933"
4,SCL,237 , ,8.020,A,W,"SAN JOSE, ZANKER ROAD INTERCHA",10/8/2024,TUE,, ,, ,, ,, ,, ,, ,, ,, ,, ,, ,, ,3857,A,3674,A,3288,A,3147,A,2986,A,3213,A,3510,A,3171,A,2592,A,2065,A,1672,A,1207,A,730,A,"35,112"
4,SCL,237 , ,8.020,A,W,"SAN JOSE, ZANKER ROAD INTERCHA",10/9/2024,WED,417,A,280,A,266,A,521,A,1571,A,3542,A,4514,A,4867,A,4513,A,4265,A,4110,A,3817,A,3536,A,3750,A,3643,A,3138,A,3009,A,3514,A,3330,A,2532,A,1923,A,1712,A,1297,A,1049,A,"65,116"
4,SCL,237 , ,8.020,A,W,"SAN JOSE, ZANKER ROAD INTERCHA",10/10/2024,THU,560,A,338,A,342,A,533,A,1597,A,3566,A,4276,A,4845,A,4485,A,3848,A,3682,A,3471,A,3321,A,3456,A,3377,A,3205,A,3480,A,3807,A,3376,A,2568,A,2176,A,1860,A,1344,A,890,A,"64,403"
4,SCL,237 , ,8.020,A,W,"SAN JOSE, ZANKER ROAD INTERCHA",10/11/2024,FRI,503,A,377,A,330,A,576,A,1452,A,3077,A,3812,A,4275,A,3879,A,3727,A,3524,A,3440,A,3495,A,3614,A,3677,A,3787,A,3846,A,3776,A,3336,A,3128,A,2714,A,2507,A,1796,A,1175,A,"65,823"
4,SCL,237 , ,8.020,A,W,"SAN JOSE, ZANKER ROAD INTERCHA",10/12/2024,SAT,702,A,504,A,323,A,334,A,607,A,964,A,1442,A,1802,A,2272,A,2787,A,3154,A,3509,A,3779,A,3879,A,3929,A,4010,A,3921,A,3639,A,3686,A,3743,A,2866,A,2636,A,2020,A,1421,A,"57,929"
4,SCL,237 , ,8.020,A,W,"SAN JOSE, ZANKER ROAD INTERCHA",10/13/2024,SUN,876,A,576,A,408,A,355,A,374,A,607,A,940,A,1241,A,1875,A,2992,A,3367,A,3481,A,3664,A,3844,A,3924,A,3597,A,3554,A,3494,A,3537,A,3215,A,2728,A,2247,A,1527,A,840,A,"53,263"
4,SCL,237 , ,8.020,A,W,"SAN JOSE, ZANKER ROAD INTERCHA",10/14/2024,MON,477,A,307,A,297,A,506,A,1418,A,3073,A,3883,A,4443,A,4277,A,4040,A,3831,A,3351,A,3166,A,3364,A,3291,A,3161,A,3458,A,3707,A,3173,A,2343,A,1914,A,1590,A,1188,A,694,A,"60,952"
4,SCL,237 , ,8.020,A,W,"SAN JOSE, ZANKER ROAD INTERCHA",10/15/2024,TUE,374,A,291,A,310,A,568,A,1613,A,3628,A,4477,A,4855,A,4407,A,4176,A,4116,A,3818,A,3410,A,3366,A,3315,A,3096,A,3404,A,3776,A,3134,A,2520,A,1862,A,1685,A,1243,A,745,A,"64,189"
4,SCL,237 , ,8.020,A,W,"SAN JOSE, ZANKER ROAD INTERCHA",10/16/2024,WED,468,A,328,A,293,A,549,A,1573,A,3593,A,4386,A,4844,A,4421,A,4406,A,4381,A,4033,A,3749,A,3598,A,3353,A,3145,A,3440,A,3779,A,3484,A,2710,A,1993,A,1714,A,1287,A,819,A,"66,346"
4,SCL,237 , ,8.020,A,W,"SAN JOSE, ZANKER ROAD INTERCHA",10/17/2024,THU,456,A,337,A,324,A,538,A,1569,A,3488,A,4427,A,4740,A,4319,A,4290,A,4188,A,3815,A,3599,A,3547,A,3476,A,3262,A,3227,A,3710,A,3492,A,2638,A,2137,A,1921,A,1388,A,825,A,"65,713"
4,SCL,237 , ,8.020,A,W,"SAN JOSE, ZANKER ROAD INTERCHA",10/18/2024,FRI,477,A,325,A,302,A,543,A,1486,A,3110,A,3855,A,4334,A,4207,A,4030,A,3802,A,2690,A,0,A,0,A,3677,C,3787,C,3846,C,3776,C,3336,C,3128,C,2714,C,2507,C,1796,C,1175,C,"58,903"
4,SCL,237 , ,8.020,A,W,"SAN JOSE, ZANKER ROAD INTERCHA",1/8/2025,WED,, ,, ,, ,, ,, ,, ,, ,, ,, ,, ,, ,3734,A,3518,A,3303,A,3295,A,3079,A,3271,A,3703,A,3178,A,2191,A,1825,A,1487,A,1132,A,729,A,"34,445"
4,SCL,237 , ,8.020,A,W,"SAN JOSE, ZANKER ROAD INTERCHA",1/9/2025,THU,438,A,281,A,201,A,446,A,1451,A,3429,A,4244,A,4821,A,4521,A,4292,A,4249,A,3955,A,3519,A,3305,A,3120,A,3027,A,3421,A,3529,A,3331,A,2377,A,1803,A,1529,A,1249,A,709,A,"63,247"
4,SCL,237 , ,8.020,A,W,"SAN JOSE, ZANKER ROAD INTERCHA",1/10/2025,FRI,431,A,305,A,299,A,576,A,1548,A,3076,A,3534,A,4368,A,4397,A,4037,A,3829,A,3498,A,3362,A,3423,A,3416,A,3240,A,3353,A,3727,A,3590,A,2890,A,2372,A,2216,A,1570,A,951,A,"64,008"
4,SCL,237 , ,8.020,A,W,"SAN JOSE, ZANKER ROAD INTERCHA",1/11/2025,SAT,672,A,457,A,385,A,463,A,614,A,1159,A,1442,A,1864,A,2326,A,2751,A,3135,A,3601,A,3798,A,3734,A,3892,A,3758,A,3686,A,3628,A,3288,A,3319,A,2561,A,2297,A,1791,A,1095,A,"55,716"
4,SCL,237 , ,8.020,A,W,"SAN JOSE, ZANKER ROAD INTERCHA",1/12/2025,SUN,707,A,459,A,327,A,352,A,382,A,618,A,837,A,1351,A,1870,A,2667,A,3010,A,3534,A,3387,A,3668,A,3986,A,3523,A,3420,A,3505,A,3237,A,2914,A,2377,A,2003,A,1229,A,770,A,"50,133"
4,SCL,237 , ,8.020,A,W,"SAN JOSE, ZANKER ROAD INTERCHA",1/13/2025,MON,404,A,250,A,246,A,487,A,1491,A,3480,A,4142,A,4670,A,4389,A,4175,A,4051,A,3558,A,3164,A,3239,A,3354,A,3155,A,3322,A,3622,A,3014,A,2125,A,1591,A,1458,A,1074,A,601,A,"61,062"
4,SCL,237 , ,8.020,A,W,"SAN JOSE, ZANKER ROAD INTERCHA",1/14/2025,TUE,316,A,211,A,224,A,420,A,1557,A,3568,A,3880,A,2740,A,4192,A,4139,A,4205,A,3934,A,3433,A,3388,A,3310,A,3238,A,3514,A,3763,A,3239,A,2309,A,1895,A,1583,A,1075,A,636,A,"60,769"
4,SCL,237 , ,8.020,A,W,"SAN JOSE, ZANKER ROAD INTERCHA",1/15/2025,WED,332,A,199,A,247,A,473,A,1523,A,3598,A,4396,A,4713,A,4450,A,4272,A,4253,A,3979,A,3695,A,3232,A,3422,A,3118,A,3326,A,2864,A,2252,A,2395,A,1915,A,1600,A,1143,A,622,A,"62,019"
4,SCL,237 , ,8.020,A,W,"SAN JOSE, ZANKER ROAD INTERCHA",1/16/2025,THU,337,A,234,A,288,A,531,A,1555,A,3418,A,4261,A,4717,A,4485,A,4099,A,3857,A,3981,A,3547,A,3565,A,3415,A,3283,A,3414,A,3669,A,3248,A,2435,A,2011,A,1595,A,1133,A,664,A,"63,742"
4,SCL,237 , ,8.020,A,W,"SAN JOSE, ZANKER ROAD INTERCHA",1/17/2025,FRI,395,A,242,A,234,A,445,A,1323,A,2927,A,3739,A,3958,A,4212,A,2610,A,0,A,0,A,0,A,0,A,0,A,0,A,0,A,0,A,0,A,0,A,0,A,0,A,0,A,0,A,"20,085"
4,SCL,237 , ,8.020,A,W,"SAN JOSE, ZANKER ROAD INTERCHA",1/21/2025,TUE,0,A,0,A,0,A,0,A,0,A,0,A,0,A,0,A,0,A,0,A,0,A,0,A,0,A,0,A,0,A,3238,C,3514,C,3763,C,3239,C,2309,C,1895,C,1583,C,1075,C,636,C,"21,252"
